[
{
  "model": "accounts.user",
  "pk": 1,
  "fields": {
    "password": "pbkdf2_sha256$1000000$KVuVjMdLzMBytVlSsXQ78i$9X7t0LPCZwYaIqVC/pzGTDR3dxYMxL5aIYhUquXEZg4=",
    "last_login": "2025-11-19T17:15:24.277Z",
    "is_superuser": true,
    "username": "admin",
    "first_name": "",
    "last_name": "",
    "email": "admin@example.com",
    "is_staff": true,
    "is_active": true,
    "date_joined": "2025-09-19T03:50:50.353Z",
    "user_type": "admin",
    "phone": "",
    "middle_name": null,
    "address": null,
    "gender": null,
    "civil_status": null,
    "birthday": null,
    "occupation": null,
    "profile_picture": "",
    "archived": false,
    "created_at": "2025-09-19T03:50:50.734Z",
    "updated_at": "2025-09-19T03:50:50.734Z",
    "groups": [],
    "user_permissions": []
  }
},
{
  "model": "accounts.user",
  "pk": 2,
  "fields": {
    "password": "pbkdf2_sha256$1000000$9pVbBFg94wIaaVeKHax28A$iwFis7Fwo00W59CfS4GBUaUA0OspgPqfpvVSpIK/8SM=",
    "last_login": null,
    "is_superuser": false,
    "username": "emil123",
    "first_name": "Emil Joaquin",
    "last_name": "Diaz",
    "email": "",
    "is_staff": false,
    "is_active": true,
    "date_joined": "2025-05-13T14:22:40Z",
    "user_type": "patient",
    "phone": "09695282766",
    "middle_name": "Hinolan",
    "address": null,
    "gender": null,
    "civil_status": null,
    "birthday": null,
    "occupation": null,
    "profile_picture": "",
    "archived": false,
    "created_at": "2025-09-19T04:35:38.596Z",
    "updated_at": "2025-09-19T04:35:38.992Z",
    "groups": [],
    "user_permissions": []
  }
},
{
  "model": "accounts.user",
  "pk": 7,
  "fields": {
    "password": "pbkdf2_sha256$1000000$JH9Unf2fsc4Og4NLE54n7Z$g0Suiw2fp7lVCrF1iYqzm1TxFb50lb+jEXL6pL+sonc=",
    "last_login": "2025-10-28T16:25:22.620Z",
    "is_superuser": false,
    "username": "KHI",
    "first_name": "kenai",
    "last_name": "seyer",
    "email": "llevi5306@gmail.com",
    "is_staff": false,
    "is_active": true,
    "date_joined": "2025-09-19T05:02:33.759Z",
    "user_type": "patient",
    "phone": "09925663102",
    "middle_name": "seva",
    "address": null,
    "gender": null,
    "civil_status": null,
    "birthday": null,
    "occupation": null,
    "profile_picture": "",
    "archived": false,
    "created_at": "2025-09-19T05:02:34.174Z",
    "updated_at": "2025-10-28T16:22:38.804Z",
    "groups": [],
    "user_permissions": []
  }
},
{
  "model": "accounts.user",
  "pk": 8,
  "fields": {
    "password": "pbkdf2_sha256$1000000$KgkURlZlz5eilRR0UmdHOR$srREZhKfTL19zjDqMbpd+e9fuC/qFsuMvD/4gD7j55Y=",
    "last_login": "2025-11-19T18:48:56.876Z",
    "is_superuser": false,
    "username": "owner",
    "first_name": "Clinic",
    "last_name": "Owner",
    "email": "owner@beautyclinic.com",
    "is_staff": true,
    "is_active": true,
    "date_joined": "2025-09-27T01:49:40.404Z",
    "user_type": "owner",
    "phone": "",
    "middle_name": null,
    "address": null,
    "gender": null,
    "civil_status": null,
    "birthday": null,
    "occupation": null,
    "profile_picture": "",
    "archived": false,
    "created_at": "2025-09-27T01:49:40.404Z",
    "updated_at": "2025-09-27T01:49:40.799Z",
    "groups": [],
    "user_permissions": []
  }
},
{
  "model": "accounts.user",
  "pk": 9,
  "fields": {
    "password": "pbkdf2_sha256$1000000$PF6HNyJ6LgG1zKXAgyBPXO$b9izotPzh2oDF+dJxBz3ev3H9NUrHfCRSj/HnTrjIRo=",
    "last_login": "2025-11-19T16:53:04.417Z",
    "is_superuser": false,
    "username": "jillianynares",
    "first_name": "Jillian",
    "last_name": "Ynares",
    "email": "jillianynares@gmail.com",
    "is_staff": true,
    "is_active": true,
    "date_joined": "2025-09-27T01:49:40.818Z",
    "user_type": "attendant",
    "phone": "",
    "middle_name": "B.",
    "address": null,
    "gender": null,
    "civil_status": null,
    "birthday": null,
    "occupation": null,
    "profile_picture": "",
    "archived": false,
    "created_at": "2025-09-27T01:49:40.818Z",
    "updated_at": "2025-11-19T17:12:33.820Z",
    "groups": [],
    "user_permissions": []
  }
},
{
  "model": "accounts.user",
  "pk": 10,
  "fields": {
    "password": "pbkdf2_sha256$1000000$kcq5yeT5IgMQlsdQgHRcav$GNoXdJb3vjKxTjKdB8N0ks6wKgiYmpNSyXqAiOXeRK8=",
    "last_login": "2025-10-21T05:21:33.134Z",
    "is_superuser": false,
    "username": "mark",
    "first_name": "Mark Lloyd",
    "last_name": "Guiagogo",
    "email": "marklloyd.guiagogo@chmsc.edu.ph",
    "is_staff": false,
    "is_active": true,
    "date_joined": "2025-10-21T05:17:02.873Z",
    "user_type": "patient",
    "phone": "09485008668",
    "middle_name": "bai",
    "address": null,
    "gender": null,
    "civil_status": null,
    "birthday": null,
    "occupation": null,
    "profile_picture": "",
    "archived": false,
    "created_at": "2025-10-21T05:17:03.392Z",
    "updated_at": "2025-10-21T05:17:03.392Z",
    "groups": [],
    "user_permissions": []
  }
},
{
  "model": "accounts.user",
  "pk": 11,
  "fields": {
    "password": "pbkdf2_sha256$1000000$Bf2ntRy1cHm6KtgyQKVFBG$dPh4pr51t8tknX7FIdCXdWNmZZWW55WywAmJilhXyEI=",
    "last_login": "2025-11-19T16:54:06.166Z",
    "is_superuser": false,
    "username": "ken",
    "first_name": "ken",
    "last_name": "reyes",
    "email": "ksreyes.chmsu@gmail.com",
    "is_staff": false,
    "is_active": true,
    "date_joined": "2025-10-21T05:19:09.509Z",
    "user_type": "patient",
    "phone": "09075938904",
    "middle_name": "",
    "address": null,
    "gender": null,
    "civil_status": null,
    "birthday": null,
    "occupation": null,
    "profile_picture": "",
    "archived": false,
    "created_at": "2025-10-21T05:19:09.999Z",
    "updated_at": "2025-11-16T02:25:31.272Z",
    "groups": [],
    "user_permissions": []
  }
},
{
  "model": "accounts.user",
  "pk": 13,
  "fields": {
    "password": "pbkdf2_sha256$1000000$t5N9q6HF0NQ8txz1neW9wV$SzLrN0YbdvzVpJr5LkvetHa8IFoao7ei5/ZrNXO/Uj0=",
    "last_login": "2025-10-26T13:54:08.346Z",
    "is_superuser": false,
    "username": "kurtzy",
    "first_name": "kurt",
    "last_name": "baylosis",
    "email": "kurtbaylosis9@gmail.com",
    "is_staff": false,
    "is_active": true,
    "date_joined": "2025-10-26T13:54:02.883Z",
    "user_type": "patient",
    "phone": "09929329411",
    "middle_name": "",
    "address": null,
    "gender": null,
    "civil_status": null,
    "birthday": null,
    "occupation": null,
    "profile_picture": "",
    "archived": false,
    "created_at": "2025-10-26T13:54:03.510Z",
    "updated_at": "2025-10-26T13:54:03.510Z",
    "groups": [],
    "user_permissions": []
  }
},
{
  "model": "accounts.user",
  "pk": 15,
  "fields": {
    "password": "pbkdf2_sha256$1000000$uw9iEpW75f7WNLUFA0ZeUG$VNi7Y7S9/RidB4kkQh5WqiDzfS8rKqbl6yTKEw467sk=",
    "last_login": "2025-11-09T03:25:10.962Z",
    "is_superuser": false,
    "username": "maria.santos",
    "first_name": "Maria",
    "last_name": "Santos",
    "email": "maria.santos@test.com",
    "is_staff": false,
    "is_active": true,
    "date_joined": "2025-11-08T23:31:44.723Z",
    "user_type": "patient",
    "phone": "",
    "middle_name": null,
    "address": null,
    "gender": null,
    "civil_status": null,
    "birthday": null,
    "occupation": null,
    "profile_picture": "",
    "archived": false,
    "created_at": "2025-11-08T23:31:44.723Z",
    "updated_at": "2025-11-08T23:31:57.735Z",
    "groups": [],
    "user_permissions": []
  }
},
{
  "model": "accounts.user",
  "pk": 16,
  "fields": {
    "password": "pbkdf2_sha256$1000000$Im5Xr9x5rEpA7pqVh89ddq$K9nDvmwJfbhoviV26Xo5QObVG11iOSvAk5v4MLIF0z8=",
    "last_login": "2025-11-09T03:49:31.071Z",
    "is_superuser": true,
    "username": "admin.staff",
    "first_name": "Admin",
    "last_name": "Staff",
    "email": "admin.staff@test.com",
    "is_staff": true,
    "is_active": true,
    "date_joined": "2025-11-08T23:31:58.234Z",
    "user_type": "admin",
    "phone": "",
    "middle_name": null,
    "address": null,
    "gender": null,
    "civil_status": null,
    "birthday": null,
    "occupation": null,
    "profile_picture": "",
    "archived": false,
    "created_at": "2025-11-08T23:31:58.234Z",
    "updated_at": "2025-11-08T23:31:58.719Z",
    "groups": [],
    "user_permissions": []
  }
},
{
  "model": "accounts.user",
  "pk": 17,
  "fields": {
    "password": "pbkdf2_sha256$1000000$hawCIlIRSoW90hAlPRuwsV$oDL8tAp3/vDTuuRBRQl5WPSWxFjenK/MtvKaKIANZzw=",
    "last_login": "2025-11-09T03:45:13.705Z",
    "is_superuser": false,
    "username": "clinic.owner",
    "first_name": "Clinic",
    "last_name": "Owner",
    "email": "clinic.owner@test.com",
    "is_staff": true,
    "is_active": true,
    "date_joined": "2025-11-08T23:31:59.200Z",
    "user_type": "owner",
    "phone": "",
    "middle_name": null,
    "address": null,
    "gender": null,
    "civil_status": null,
    "birthday": null,
    "occupation": null,
    "profile_picture": "",
    "archived": false,
    "created_at": "2025-11-08T23:31:59.200Z",
    "updated_at": "2025-11-08T23:31:59.678Z",
    "groups": [],
    "user_permissions": []
  }
},
{
  "model": "accounts.user",
  "pk": 18,
  "fields": {
    "password": "pbkdf2_sha256$1000000$qiKRJofoSo4c13zVu5mpWo$B3/Nq/2NPl09W+XAQ/bjzQYXlmQ04XUiJxLRFv5dHm4=",
    "last_login": "2025-11-19T16:53:29.688Z",
    "is_superuser": false,
    "username": "nicolependon",
    "first_name": "Nicole",
    "last_name": "Pendon",
    "email": "nicolependon@gmail.com",
    "is_staff": true,
    "is_active": true,
    "date_joined": "2025-11-08T23:32:00.163Z",
    "user_type": "attendant",
    "phone": "",
    "middle_name": "M.",
    "address": null,
    "gender": null,
    "civil_status": null,
    "birthday": null,
    "occupation": null,
    "profile_picture": "",
    "archived": false,
    "created_at": "2025-11-08T23:32:00.163Z",
    "updated_at": "2025-11-16T03:17:35.554Z",
    "groups": [],
    "user_permissions": []
  }
},
{
  "model": "accounts.user",
  "pk": 21,
  "fields": {
    "password": "pbkdf2_sha256$1000000$CB3gXA1iDRPEBfhPnwZ1bU$kbdU+T94iIg+7NnqrJCHpg8r+jmQGqJwva98ufJiXUw=",
    "last_login": null,
    "is_superuser": false,
    "username": "test.patient.006",
    "first_name": "Test",
    "last_name": "Patient",
    "email": "test.patient.006@example.com",
    "is_staff": false,
    "is_active": true,
    "date_joined": "2025-11-09T00:18:35.819Z",
    "user_type": "patient",
    "phone": "09987654321",
    "middle_name": "",
    "address": null,
    "gender": null,
    "civil_status": null,
    "birthday": null,
    "occupation": null,
    "profile_picture": "",
    "archived": false,
    "created_at": "2025-11-09T00:18:36.295Z",
    "updated_at": "2025-11-09T00:18:36.295Z",
    "groups": [],
    "user_permissions": []
  }
},
{
  "model": "accounts.user",
  "pk": 22,
  "fields": {
    "password": "pbkdf2_sha256$1000000$lh0Kt8g3kXfDdYQBVYuFOd$9u8rpUY8nru1v2ovUB1hOU/CPJ14A7nN8kdOA4+kh6s=",
    "last_login": "2025-11-12T00:15:45.767Z",
    "is_superuser": false,
    "username": "jrmurbano",
    "first_name": "Jean Roshan",
    "last_name": "Urbano",
    "email": "roshanurbano@gmail.com",
    "is_staff": false,
    "is_active": true,
    "date_joined": "2025-11-12T00:15:11.177Z",
    "user_type": "patient",
    "phone": "09291520238",
    "middle_name": "",
    "address": null,
    "gender": null,
    "civil_status": null,
    "birthday": null,
    "occupation": null,
    "profile_picture": "",
    "archived": false,
    "created_at": "2025-11-12T00:15:13.532Z",
    "updated_at": "2025-11-12T00:15:13.532Z",
    "groups": [],
    "user_permissions": []
  }
},
{
  "model": "accounts.user",
  "pk": 23,
  "fields": {
    "password": "pbkdf2_sha256$1000000$1jojks7i4AJrUOcLXEYO0X$v+/OCai7DsNvaNUPogl/iFoszeNNTdnmfg2bd4hUP/M=",
    "last_login": "2025-11-12T03:56:41.513Z",
    "is_superuser": false,
    "username": "ramzurbano",
    "first_name": "Ramona",
    "last_name": "Urbano",
    "email": "ramonaurbano@gmail.com",
    "is_staff": false,
    "is_active": true,
    "date_joined": "2025-11-12T01:07:05.021Z",
    "user_type": "patient",
    "phone": "09291530238",
    "middle_name": null,
    "address": "",
    "gender": null,
    "civil_status": null,
    "birthday": null,
    "occupation": null,
    "profile_picture": "",
    "archived": false,
    "created_at": "2025-11-12T01:07:07.526Z",
    "updated_at": "2025-11-12T02:03:24.146Z",
    "groups": [],
    "user_permissions": []
  }
},
{
  "model": "accounts.user",
  "pk": 24,
  "fields": {
    "password": "pbkdf2_sha256$1000000$d4WjgMjug16jEXAXygkKSe$EpI9PmdQnO4oGmPOAtEHOQnxm81GjnN+MvNSpl2Tz/g=",
    "last_login": "2025-11-13T15:33:43.769Z",
    "is_superuser": false,
    "username": "kseyer",
    "first_name": "Ken",
    "last_name": "Reyes",
    "email": "ksreyes.chmsu@gmail.com",
    "is_staff": false,
    "is_active": true,
    "date_joined": "2025-11-13T12:35:33.862Z",
    "user_type": "patient",
    "phone": "09075938904",
    "middle_name": "",
    "address": null,
    "gender": null,
    "civil_status": null,
    "birthday": null,
    "occupation": null,
    "profile_picture": "",
    "archived": false,
    "created_at": "2025-11-13T12:35:34.346Z",
    "updated_at": "2025-11-13T12:35:34.346Z",
    "groups": [],
    "user_permissions": []
  }
},
{
  "model": "accounts.user",
  "pk": 25,
  "fields": {
    "password": "pbkdf2_sha256$1000000$9Z5FHAKOQzbRxpzaSX6UbG$GCfLT4WXLFOQLwTtC/iNGKmPXo5YPXM1TzdbqaHGdHk=",
    "last_login": "2025-11-16T01:55:19.372Z",
    "is_superuser": false,
    "username": "kayn",
    "first_name": "kayn",
    "last_name": "seyer",
    "email": "naikeseyer@gmail.com",
    "is_staff": false,
    "is_active": true,
    "date_joined": "2025-11-13T15:54:15.570Z",
    "user_type": "patient",
    "phone": "09925663102",
    "middle_name": null,
    "address": "",
    "gender": "male",
    "civil_status": "single",
    "birthday": null,
    "occupation": "Student",
    "profile_picture": "profile_pictures/good_char.png",
    "archived": false,
    "created_at": "2025-11-13T15:54:16.073Z",
    "updated_at": "2025-11-13T15:57:41.618Z",
    "groups": [],
    "user_permissions": []
  }
},
{
  "model": "accounts.user",
  "pk": 26,
  "fields": {
    "password": "pbkdf2_sha256$1000000$eIlXqiRpGMect2k8nUiydA$bJA4qER6hzhqmsw1a8ogoXA9tunyHx9dzQSpoEvd6pc=",
    "last_login": "2025-11-14T14:56:31.365Z",
    "is_superuser": false,
    "username": "emildiaz",
    "first_name": "Emil Joaquin",
    "last_name": "Diaz",
    "email": "diazemiljoaquin@gmail.com",
    "is_staff": false,
    "is_active": true,
    "date_joined": "2025-11-14T01:12:46.265Z",
    "user_type": "patient",
    "phone": "09695282766",
    "middle_name": "Hinolan",
    "address": "",
    "gender": null,
    "civil_status": null,
    "birthday": null,
    "occupation": null,
    "profile_picture": "profile_pictures/roshan.jpg",
    "archived": false,
    "created_at": "2025-11-14T01:12:48.229Z",
    "updated_at": "2025-11-14T03:08:07.597Z",
    "groups": [],
    "user_permissions": []
  }
},
{
  "model": "accounts.user",
  "pk": 27,
  "fields": {
    "password": "pbkdf2_sha256$1000000$uz4NUtBUyVIq3SB0DDDdMQ$mRs9IU2crGBdGOkiHNtUUfU0PgQ6YJ5pWyGH+0UlIlE=",
    "last_login": "2025-11-16T02:29:12.873Z",
    "is_superuser": false,
    "username": "ada",
    "first_name": "ada",
    "last_name": "wong",
    "email": "bsis2b.reyes.kenai@gmail.com",
    "is_staff": false,
    "is_active": true,
    "date_joined": "2025-11-16T02:29:11.894Z",
    "user_type": "patient",
    "phone": "",
    "middle_name": "",
    "address": null,
    "gender": null,
    "civil_status": null,
    "birthday": null,
    "occupation": null,
    "profile_picture": "",
    "archived": false,
    "created_at": "2025-11-16T02:29:12.356Z",
    "updated_at": "2025-11-16T02:29:12.356Z",
    "groups": [],
    "user_permissions": []
  }
},
{
  "model": "accounts.user",
  "pk": 28,
  "fields": {
    "password": "!lR1CKN7AVFkrb2u9WHMgcco463CwuKGCeJ0daYGC",
    "last_login": "2025-11-16T02:29:39.292Z",
    "is_superuser": false,
    "username": "kenai.reyes",
    "first_name": "kenai",
    "last_name": "reyes",
    "email": "kenai.reyes@chmsc.edu.ph",
    "is_staff": false,
    "is_active": true,
    "date_joined": "2025-11-16T02:29:39.218Z",
    "user_type": "patient",
    "phone": "",
    "middle_name": null,
    "address": "",
    "gender": null,
    "civil_status": null,
    "birthday": null,
    "occupation": null,
    "profile_picture": "",
    "archived": false,
    "created_at": "2025-11-16T02:29:39.221Z",
    "updated_at": "2025-11-16T02:29:56.359Z",
    "groups": [],
    "user_permissions": []
  }
},
{
  "model": "accounts.user",
  "pk": 29,
  "fields": {
    "password": "pbkdf2_sha256$1000000$jvJDjqfmhAkP3LJnWDC8HZ$lKM2u/hBPrKiXdj5SGjK26+xcxTCh5giRWc4AWCvrII=",
    "last_login": "2025-11-19T17:09:11.747Z",
    "is_superuser": false,
    "username": "leon",
    "first_name": "leon",
    "last_name": "wong",
    "email": "bsis2b.reyes.kenai@gmail.com",
    "is_staff": false,
    "is_active": true,
    "date_joined": "2025-11-19T17:09:10.599Z",
    "user_type": "patient",
    "phone": "",
    "middle_name": "",
    "address": null,
    "gender": null,
    "civil_status": null,
    "birthday": null,
    "occupation": null,
    "profile_picture": "",
    "archived": false,
    "created_at": "2025-11-19T17:09:11.090Z",
    "updated_at": "2025-11-19T17:09:11.090Z",
    "groups": [],
    "user_permissions": []
  }
},
{
  "model": "accounts.attendant",
  "pk": 1,
  "fields": {
    "first_name": "Jillian",
    "last_name": "Ynares",
    "shift_date": "2025-05-19",
    "shift_time": "10:00:00",
    "created_at": "2025-09-19T03:55:45.389Z",
    "updated_at": "2025-11-16T03:37:47.803Z"
  }
},
{
  "model": "accounts.attendant",
  "pk": 3,
  "fields": {
    "first_name": "Nicole",
    "last_name": "Pendon",
    "shift_date": "2025-09-19",
    "shift_time": "10:00:00",
    "created_at": "2025-09-19T04:39:04.603Z",
    "updated_at": "2025-09-19T04:39:04.603Z"
  }
},
{
  "model": "accounts.attendantprofile",
  "pk": 1,
  "fields": {
    "user": 9,
    "work_days": [
      "Monday",
      "Tuesday",
      "Wednesday",
      "Thursday",
      "Friday",
      "Saturday"
    ],
    "start_time": "10:00:00",
    "end_time": "18:00:00",
    "phone": null,
    "created_at": "2025-11-15T10:05:21.381Z",
    "updated_at": "2025-11-19T17:12:52.687Z"
  }
},
{
  "model": "accounts.attendantprofile",
  "pk": 2,
  "fields": {
    "user": 18,
    "work_days": [
      "Monday",
      "Tuesday",
      "Wednesday",
      "Thursday",
      "Friday",
      "Saturday"
    ],
    "start_time": "10:00:00",
    "end_time": "18:00:00",
    "phone": null,
    "created_at": "2025-11-15T10:05:31.696Z",
    "updated_at": "2025-11-16T12:39:05.527Z"
  }
},
{
  "model": "accounts.storehours",
  "pk": 1,
  "fields": {
    "day_of_week": "Monday",
    "open_time": "09:00:00",
    "close_time": "17:00:00",
    "is_closed": false,
    "created_at": "2025-09-19T03:55:45.413Z",
    "updated_at": "2025-09-19T03:55:45.413Z"
  }
},
{
  "model": "accounts.storehours",
  "pk": 2,
  "fields": {
    "day_of_week": "Tuesday",
    "open_time": "09:00:00",
    "close_time": "17:00:00",
    "is_closed": false,
    "created_at": "2025-09-19T03:55:45.426Z",
    "updated_at": "2025-09-19T03:55:45.426Z"
  }
},
{
  "model": "accounts.storehours",
  "pk": 3,
  "fields": {
    "day_of_week": "Wednesday",
    "open_time": "09:00:00",
    "close_time": "17:00:00",
    "is_closed": false,
    "created_at": "2025-09-19T03:55:45.440Z",
    "updated_at": "2025-09-19T03:55:45.440Z"
  }
},
{
  "model": "accounts.storehours",
  "pk": 4,
  "fields": {
    "day_of_week": "Thursday",
    "open_time": "09:00:00",
    "close_time": "17:00:00",
    "is_closed": false,
    "created_at": "2025-09-19T03:55:45.456Z",
    "updated_at": "2025-09-19T03:55:45.456Z"
  }
},
{
  "model": "accounts.storehours",
  "pk": 5,
  "fields": {
    "day_of_week": "Friday",
    "open_time": "09:00:00",
    "close_time": "17:00:00",
    "is_closed": false,
    "created_at": "2025-09-19T03:55:45.473Z",
    "updated_at": "2025-09-19T03:55:45.473Z"
  }
},
{
  "model": "accounts.storehours",
  "pk": 6,
  "fields": {
    "day_of_week": "Saturday",
    "open_time": "09:00:00",
    "close_time": "17:00:00",
    "is_closed": false,
    "created_at": "2025-09-19T03:55:45.485Z",
    "updated_at": "2025-09-19T03:55:45.485Z"
  }
},
{
  "model": "accounts.storehours",
  "pk": 7,
  "fields": {
    "day_of_week": "Sunday",
    "open_time": "09:00:00",
    "close_time": "17:00:00",
    "is_closed": true,
    "created_at": "2025-09-19T03:55:45.496Z",
    "updated_at": "2025-09-19T03:55:45.496Z"
  }
},
{
  "model": "services.servicecategory",
  "pk": 1,
  "fields": {
    "name": "Facials"
  }
},
{
  "model": "services.servicecategory",
  "pk": 2,
  "fields": {
    "name": "Anti-Aging & Face Lift"
  }
},
{
  "model": "services.servicecategory",
  "pk": 3,
  "fields": {
    "name": "Pico Laser"
  }
},
{
  "model": "services.servicecategory",
  "pk": 4,
  "fields": {
    "name": "Lightening Treatments"
  }
},
{
  "model": "services.servicecategory",
  "pk": 5,
  "fields": {
    "name": "Pimple Treatments"
  }
},
{
  "model": "services.servicecategory",
  "pk": 6,
  "fields": {
    "name": "Body Slimming with Cavitation"
  }
},
{
  "model": "services.servicecategory",
  "pk": 7,
  "fields": {
    "name": "Intense Pulsed Light (IPL) Hair Removal"
  }
},
{
  "model": "services.servicecategory",
  "pk": 8,
  "fields": {
    "name": "Other Services"
  }
},
{
  "model": "services.service",
  "pk": 1,
  "fields": {
    "service_name": "Primary Facial (Face)",
    "description": "Basic facial treatment for the face",
    "price": "499.00",
    "duration": 60,
    "category": 1,
    "image": "",
    "archived": false,
    "created_at": "2025-09-19T03:55:45.268Z",
    "updated_at": "2025-09-19T03:55:45.268Z"
  }
},
{
  "model": "services.service",
  "pk": 4,
  "fields": {
    "service_name": "Underarm Whitening",
    "description": "A treatment to lighten the skin in the underarm area",
    "price": "549.00",
    "duration": 15,
    "category": 4,
    "image": "",
    "archived": false,
    "created_at": "2025-09-19T03:55:45.311Z",
    "updated_at": "2025-09-19T03:55:45.311Z"
  }
},
{
  "model": "services.service",
  "pk": 5,
  "fields": {
    "service_name": "Collagen",
    "description": "This facial combines a Diamond Peel with a Collagen mask to help improve skin elasticity and firmness. ",
    "price": "699.00",
    "duration": 60,
    "category": 1,
    "image": "assets/img/service_68296f86202a35.75352874.jpg",
    "archived": false,
    "created_at": "2025-09-19T04:35:36.749Z",
    "updated_at": "2025-09-19T04:35:36.749Z"
  }
},
{
  "model": "services.service",
  "pk": 6,
  "fields": {
    "service_name": "Snow White",
    "description": "Features a Diamond Peel along with a Vitamin C serum and mask to brighten and even out skin tone. ",
    "price": "799.00",
    "duration": 60,
    "category": 1,
    "image": "assets/img/service_682a4901ab59e7.68190004.jpeg",
    "archived": false,
    "created_at": "2025-09-19T04:35:36.765Z",
    "updated_at": "2025-09-19T04:35:36.765Z"
  }
},
{
  "model": "services.service",
  "pk": 7,
  "fields": {
    "service_name": "Casmara",
    "description": "A premium facial that includes a Diamond Peel and a specialized Casmara mask for targeted skin concerns. ",
    "price": "1000.00",
    "duration": 60,
    "category": 1,
    "image": "assets/img/service_6829509e8684b3.32845245.jpg",
    "archived": false,
    "created_at": "2025-09-19T04:35:36.782Z",
    "updated_at": "2025-09-19T04:35:36.782Z"
  }
},
{
  "model": "services.service",
  "pk": 8,
  "fields": {
    "service_name": "Diamond Peel",
    "description": "An exfoliating treatment to remove dead skin cells and reveal smoother skin. ",
    "price": "499.00",
    "duration": 60,
    "category": 1,
    "image": "assets/img/service_68295481ef5d45.56517721.jpg",
    "archived": false,
    "created_at": "2025-09-19T04:35:36.798Z",
    "updated_at": "2025-09-19T04:35:36.798Z"
  }
},
{
  "model": "services.service",
  "pk": 9,
  "fields": {
    "service_name": "Radio Frequency",
    "description": "A treatment that uses radiofrequency energy to tighten skin and reduce the appearance of wrinkles, combined with a facial. ",
    "price": "999.00",
    "duration": 60,
    "category": 2,
    "image": "assets/img/service_682973a8541c62.46097733.png",
    "archived": false,
    "created_at": "2025-09-19T04:35:36.811Z",
    "updated_at": "2025-09-19T04:35:36.811Z"
  }
},
{
  "model": "services.service",
  "pk": 10,
  "fields": {
    "service_name": "Geneo Infusion",
    "description": "A treatment that infuses the skin with active ingredients for rejuvenation and brightening effects. ",
    "price": "999.00",
    "duration": 60,
    "category": 2,
    "image": "assets/img/service_68296ff8f3f665.74137706.png",
    "archived": false,
    "created_at": "2025-09-19T04:35:36.826Z",
    "updated_at": "2025-09-19T04:35:36.826Z"
  }
},
{
  "model": "services.service",
  "pk": 11,
  "fields": {
    "service_name": "Oxygeneo",
    "description": "A comprehensive treatment combining a facial, radiofrequency, and infusion for enhanced oxygenation, skin tightening, and nourishment.",
    "price": "1999.00",
    "duration": 60,
    "category": 2,
    "image": "assets/img/service_682970238ee6a6.30687018.jpg",
    "archived": false,
    "created_at": "2025-09-19T04:35:36.840Z",
    "updated_at": "2025-09-19T04:35:36.840Z"
  }
},
{
  "model": "services.service",
  "pk": 12,
  "fields": {
    "service_name": "Skin Rejuvenation",
    "description": "This treatment combines a facial, serum application, and Photodynamic therapy (PDT) light therapy to promote skin renewal. ",
    "price": "999.00",
    "duration": 60,
    "category": 2,
    "image": "assets/img/service_682973de853147.02259351.webp",
    "archived": false,
    "created_at": "2025-09-19T04:35:36.856Z",
    "updated_at": "2025-09-19T04:35:36.856Z"
  }
},
{
  "model": "services.service",
  "pk": 13,
  "fields": {
    "service_name": "Galvanic Therapy",
    "description": "Uses gentle electrical currents to enhance the absorption of serums into the skin, paired with a facial.",
    "price": "799.00",
    "duration": 60,
    "category": 2,
    "image": "assets/img/service_68296da2147359.39605132.jpg",
    "archived": false,
    "created_at": "2025-09-19T04:35:37.220Z",
    "updated_at": "2025-09-19T04:35:37.220Z"
  }
},
{
  "model": "services.service",
  "pk": 14,
  "fields": {
    "service_name": "Platelet-Rich Plasma (PRP) therapy",
    "description": "Platelet-Rich Plasma (PRP) therapy combined with a facial and PDT light to stimulate collagen production and skin regeneration.",
    "price": "1899.00",
    "duration": 60,
    "category": 2,
    "image": "assets/img/service_68297071cbe637.07989830.jpg",
    "archived": false,
    "created_at": "2025-09-19T04:35:37.724Z",
    "updated_at": "2025-09-19T04:35:37.724Z"
  }
},
{
  "model": "services.service",
  "pk": 15,
  "fields": {
    "service_name": "Carbon Doll Laser",
    "description": "A laser treatment that uses a carbon mask to exfoliate, minimize pores, and improve skin texture. ",
    "price": "999.00",
    "duration": 60,
    "category": 3,
    "image": "assets/img/service_68296ecb6e42c3.25325927.jpg",
    "archived": false,
    "created_at": "2025-09-19T04:35:37.739Z",
    "updated_at": "2025-09-19T04:35:37.739Z"
  }
},
{
  "model": "services.service",
  "pk": 16,
  "fields": {
    "service_name": "Pico Glow",
    "description": "A laser treatment designed to target and reduce the appearance of melasma and freckles. ",
    "price": "999.00",
    "duration": 60,
    "category": 3,
    "image": "assets/img/service_682a4970571725.01224034.webp",
    "archived": false,
    "created_at": "2025-09-19T04:35:37.756Z",
    "updated_at": "2025-09-19T04:35:37.756Z"
  }
},
{
  "model": "services.service",
  "pk": 17,
  "fields": {
    "service_name": "Tattoo Removal",
    "description": "Laser treatment to remove unwanted tattoos (price depends on size).",
    "price": "999.00",
    "duration": 60,
    "category": 3,
    "image": "assets/img/service_682a46e96e62a9.34656179.webp",
    "archived": false,
    "created_at": "2025-09-19T04:35:37.770Z",
    "updated_at": "2025-09-19T04:35:37.770Z"
  }
},
{
  "model": "services.service",
  "pk": 18,
  "fields": {
    "service_name": "Vitamin C Infusion",
    "description": "A treatment that infuses Vitamin C into the facial skin for a brighter complexion. ",
    "price": "349.00",
    "duration": 15,
    "category": 4,
    "image": "assets/img/service_682972f1b47736.15464392.webp",
    "archived": false,
    "created_at": "2025-09-19T04:35:37.784Z",
    "updated_at": "2025-09-19T04:35:37.784Z"
  }
},
{
  "model": "services.service",
  "pk": 20,
  "fields": {
    "service_name": "Back Whitening",
    "description": "A treatment focused on lightening the skin on the back. ",
    "price": "649.00",
    "duration": 15,
    "category": 4,
    "image": "assets/img/service_68296dffed12e2.89401796.jpg",
    "archived": false,
    "created_at": "2025-09-19T04:35:37.812Z",
    "updated_at": "2025-09-19T04:35:37.812Z"
  }
},
{
  "model": "services.service",
  "pk": 21,
  "fields": {
    "service_name": "Chest Whitening",
    "description": "A treatment to lighten the skin on the chest area. ",
    "price": "549.00",
    "duration": 15,
    "category": 4,
    "image": "assets/img/service_682a4c19f09de0.85929669.jpg",
    "archived": false,
    "created_at": "2025-09-19T04:35:37.828Z",
    "updated_at": "2025-09-19T04:35:37.828Z"
  }
},
{
  "model": "services.service",
  "pk": 22,
  "fields": {
    "service_name": "Butt Whitening",
    "description": "A treatment aimed at lightening the skin on the buttocks. ",
    "price": "549.00",
    "duration": 15,
    "category": 4,
    "image": "assets/img/service_682a4cc0b7ff13.61359733.jpg",
    "archived": false,
    "created_at": "2025-09-19T04:35:37.841Z",
    "updated_at": "2025-09-19T04:35:37.841Z"
  }
},
{
  "model": "services.service",
  "pk": 23,
  "fields": {
    "service_name": "Neck Whitening",
    "description": "A treatment to lighten the skin on the neck. ",
    "price": "349.00",
    "duration": 15,
    "category": 4,
    "image": "assets/img/service_682a4a531a26f9.72167388.png",
    "archived": false,
    "created_at": "2025-09-19T04:35:37.855Z",
    "updated_at": "2025-09-19T04:35:37.855Z"
  }
},
{
  "model": "services.service",
  "pk": 24,
  "fields": {
    "service_name": "Pimple Injection",
    "description": "A direct injection to reduce inflammation and size of individual pimples. ",
    "price": "99.00",
    "duration": 60,
    "category": 5,
    "image": "assets/img/service_682a49a096b748.73899046.jpg",
    "archived": false,
    "created_at": "2025-09-19T04:35:37.868Z",
    "updated_at": "2025-09-19T04:35:37.868Z"
  }
},
{
  "model": "services.service",
  "pk": 25,
  "fields": {
    "service_name": "Anti-Acne Treatment",
    "description": "A comprehensive treatment involving a facial, anti-acne serum, and light therapy to combat acne. ",
    "price": "1599.00",
    "duration": 60,
    "category": 5,
    "image": "assets/img/service_68296a663424c6.44351006.webp",
    "archived": false,
    "created_at": "2025-09-19T04:35:37.883Z",
    "updated_at": "2025-11-16T02:43:30.645Z"
  }
},
{
  "model": "services.service",
  "pk": 26,
  "fields": {
    "service_name": "Face Cavitation",
    "description": "Cavitation treatment to help slim and contour the face. ",
    "price": "899.00",
    "duration": 60,
    "category": 6,
    "image": "assets/img/service_682970a638d196.48295171.jpg",
    "archived": false,
    "created_at": "2025-09-19T04:35:37.896Z",
    "updated_at": "2025-09-19T04:35:37.896Z"
  }
},
{
  "model": "services.service",
  "pk": 27,
  "fields": {
    "service_name": "Waist Cavitation",
    "description": "Cavitation treatment targeting fat reduction and contouring of the waist area. ",
    "price": "999.00",
    "duration": 60,
    "category": 6,
    "image": "assets/img/service_682971fecdeb09.17194132.jpg",
    "archived": false,
    "created_at": "2025-09-19T04:35:37.910Z",
    "updated_at": "2025-09-19T04:35:37.910Z"
  }
},
{
  "model": "services.service",
  "pk": 28,
  "fields": {
    "service_name": "Thighs Cavitation",
    "description": "Cavitation treatment aimed at slimming and contouring the thighs. ",
    "price": "999.00",
    "duration": 60,
    "category": 6,
    "image": "assets/img/service_682a46b51198b3.14743340.webp",
    "archived": false,
    "created_at": "2025-09-19T04:35:37.924Z",
    "updated_at": "2025-09-19T04:35:37.924Z"
  }
},
{
  "model": "services.service",
  "pk": 29,
  "fields": {
    "service_name": "Arms Cavitation",
    "description": "Cavitation treatment to help reduce fat and contour the arms. ",
    "price": "999.00",
    "duration": 60,
    "category": 6,
    "image": "assets/img/service_68296a9719a224.45641582.webp",
    "archived": false,
    "created_at": "2025-09-19T04:35:37.936Z",
    "updated_at": "2025-09-19T04:35:37.936Z"
  }
},
{
  "model": "services.service",
  "pk": 30,
  "fields": {
    "service_name": "IPL Face",
    "description": "Intense Pulsed Light (IPL) treatment for hair removal on the face. ",
    "price": "499.00",
    "duration": 15,
    "category": 7,
    "image": "assets/img/service_682a4b3dc23d74.92072222.avif",
    "archived": false,
    "created_at": "2025-09-19T04:35:37.948Z",
    "updated_at": "2025-09-19T04:35:37.948Z"
  }
},
{
  "model": "services.service",
  "pk": 31,
  "fields": {
    "service_name": "IPL Neck",
    "description": "",
    "price": "499.00",
    "duration": 15,
    "category": 7,
    "image": "assets/img/service_682a4b70095628.80917838.jpg",
    "archived": false,
    "created_at": "2025-09-19T04:35:37.966Z",
    "updated_at": "2025-09-19T04:35:37.966Z"
  }
},
{
  "model": "services.service",
  "pk": 32,
  "fields": {
    "service_name": "IPL Arm",
    "description": "Intense Pulsed Light (IPL) hair removal for the arms. ",
    "price": "999.00",
    "duration": 15,
    "category": 7,
    "image": "assets/img/service_682a4ba6ba8be3.89650041.jpg",
    "archived": false,
    "created_at": "2025-09-19T04:35:37.980Z",
    "updated_at": "2025-09-19T04:35:37.980Z"
  }
},
{
  "model": "services.service",
  "pk": 33,
  "fields": {
    "service_name": "IPL Brazilian",
    "description": "Intense Pulsed Light (IPL) Brazilian hair removal on the bikini area. ",
    "price": "699.00",
    "duration": 15,
    "category": 7,
    "image": "assets/img/service_682972899df284.28425790.jpg",
    "archived": false,
    "created_at": "2025-09-19T04:35:37.994Z",
    "updated_at": "2025-09-19T04:35:37.994Z"
  }
},
{
  "model": "services.service",
  "pk": 34,
  "fields": {
    "service_name": "IPL Legs",
    "description": "Intense Pulsed Light (IPL) hair removal for either the lower or upper legs. ",
    "price": "999.00",
    "duration": 15,
    "category": 7,
    "image": "assets/img/service_68297436d4b9c0.74762067.jpg",
    "archived": false,
    "created_at": "2025-09-19T04:35:38.008Z",
    "updated_at": "2025-09-19T04:35:38.008Z"
  }
},
{
  "model": "services.service",
  "pk": 35,
  "fields": {
    "service_name": "IPL Upperlip",
    "description": "Intense Pulsed Light (IPL) removal for the upper lip area. ",
    "price": "299.00",
    "duration": 15,
    "category": 7,
    "image": "assets/img/service_682971c3bf7dc4.13615735.webp",
    "archived": false,
    "created_at": "2025-09-19T04:35:38.020Z",
    "updated_at": "2025-09-19T04:35:38.020Z"
  }
},
{
  "model": "services.service",
  "pk": 36,
  "fields": {
    "service_name": "IPL Underarms",
    "description": "Intense Pulsed Light (IPL) hair removal for the underarms.",
    "price": "499.00",
    "duration": 15,
    "category": 7,
    "image": "assets/img/service_6829717fc05b75.51679548.jpg",
    "archived": false,
    "created_at": "2025-09-19T04:35:38.032Z",
    "updated_at": "2025-09-19T04:35:38.032Z"
  }
},
{
  "model": "services.service",
  "pk": 37,
  "fields": {
    "service_name": "IPL Bikini",
    "description": "Intense Pulsed Light (IPL) hair removal for the bikini line. ",
    "price": "499.00",
    "duration": 15,
    "category": 7,
    "image": "assets/img/service_682972d4249411.25368167.png",
    "archived": false,
    "created_at": "2025-09-19T04:35:38.045Z",
    "updated_at": "2025-09-19T04:35:38.045Z"
  }
},
{
  "model": "services.service",
  "pk": 38,
  "fields": {
    "service_name": "IPL Chest",
    "description": "Intense Pulsed Light (IPL) hair removal for the chest area. ",
    "price": "999.00",
    "duration": 15,
    "category": 7,
    "image": "assets/img/service_682a466003fb45.61113553.jpg",
    "archived": false,
    "created_at": "2025-09-19T04:35:38.057Z",
    "updated_at": "2025-09-19T04:35:38.057Z"
  }
},
{
  "model": "services.service",
  "pk": 39,
  "fields": {
    "service_name": "IPL Back",
    "description": "Intense Pulsed Light (IPL) hair removal for either the lower or upper back.",
    "price": "999.00",
    "duration": 15,
    "category": 7,
    "image": "assets/img/service_6829719e9ba5d2.02481982.webp",
    "archived": false,
    "created_at": "2025-09-19T04:35:38.070Z",
    "updated_at": "2025-09-19T04:35:38.070Z"
  }
},
{
  "model": "services.service",
  "pk": 40,
  "fields": {
    "service_name": "Warts Removal",
    "description": "Treatment for removing warts (minimum price per area applies). ",
    "price": "1500.00",
    "duration": 60,
    "category": 8,
    "image": "assets/img/service_68296fc81aad77.47065882.jpg",
    "archived": false,
    "created_at": "2025-09-19T04:35:38.082Z",
    "updated_at": "2025-09-19T04:35:38.082Z"
  }
},
{
  "model": "services.service",
  "pk": 41,
  "fields": {
    "service_name": "Korean Lash Lift with Tint",
    "description": "A treatment to curl and lift lashes, with an option for tinting.",
    "price": "699.00",
    "duration": 30,
    "category": 8,
    "image": "assets/img/service_682a4b0c342e53.10630538.webp",
    "archived": false,
    "created_at": "2025-09-19T04:35:38.096Z",
    "updated_at": "2025-09-19T04:35:38.096Z"
  }
},
{
  "model": "services.service",
  "pk": 42,
  "fields": {
    "service_name": "Korean Lash Lift without Tint",
    "description": "A treatment to curl and lift lashes.",
    "price": "499.00",
    "duration": 30,
    "category": 8,
    "image": "assets/img/service_682a4b1a0c88c3.08759781.webp",
    "archived": false,
    "created_at": "2025-09-19T04:35:38.112Z",
    "updated_at": "2025-09-19T04:35:38.112Z"
  }
},
{
  "model": "services.serviceimage",
  "pk": 1,
  "fields": {
    "service": 25,
    "image": "services/images/anti_acne.jpg",
    "alt_text": "",
    "is_primary": false,
    "created_at": "2025-10-26T12:42:16.180Z"
  }
},
{
  "model": "services.serviceimage",
  "pk": 2,
  "fields": {
    "service": 29,
    "image": "services/images/arms.jpeg",
    "alt_text": "",
    "is_primary": false,
    "created_at": "2025-10-26T12:42:59.992Z"
  }
},
{
  "model": "services.serviceimage",
  "pk": 3,
  "fields": {
    "service": 20,
    "image": "services/images/back.jpg",
    "alt_text": "",
    "is_primary": false,
    "created_at": "2025-10-26T12:43:09.694Z"
  }
},
{
  "model": "services.serviceimage",
  "pk": 4,
  "fields": {
    "service": 22,
    "image": "services/images/butt-acne-680828692.jpg",
    "alt_text": "",
    "is_primary": false,
    "created_at": "2025-10-26T12:46:03.913Z"
  }
},
{
  "model": "services.serviceimage",
  "pk": 5,
  "fields": {
    "service": 15,
    "image": "services/images/doll.jpg",
    "alt_text": "",
    "is_primary": true,
    "created_at": "2025-10-26T12:46:17.574Z"
  }
},
{
  "model": "services.serviceimage",
  "pk": 6,
  "fields": {
    "service": 7,
    "image": "services/images/casamara.png",
    "alt_text": "",
    "is_primary": false,
    "created_at": "2025-10-26T12:46:34.665Z"
  }
},
{
  "model": "services.serviceimage",
  "pk": 7,
  "fields": {
    "service": 21,
    "image": "services/images/chest_withte.jpg",
    "alt_text": "",
    "is_primary": false,
    "created_at": "2025-10-26T12:46:47.063Z"
  }
},
{
  "model": "services.serviceimage",
  "pk": 8,
  "fields": {
    "service": 5,
    "image": "services/images/collagen.png",
    "alt_text": "",
    "is_primary": false,
    "created_at": "2025-10-26T12:46:56.707Z"
  }
},
{
  "model": "services.serviceimage",
  "pk": 10,
  "fields": {
    "service": 26,
    "image": "services/images/face.jpeg",
    "alt_text": "",
    "is_primary": false,
    "created_at": "2025-10-26T12:47:54.637Z"
  }
},
{
  "model": "services.serviceimage",
  "pk": 11,
  "fields": {
    "service": 13,
    "image": "services/images/galvanic.jpg",
    "alt_text": "",
    "is_primary": false,
    "created_at": "2025-10-26T12:48:04.496Z"
  }
},
{
  "model": "services.serviceimage",
  "pk": 12,
  "fields": {
    "service": 10,
    "image": "services/images/geneo.png",
    "alt_text": "",
    "is_primary": false,
    "created_at": "2025-10-26T12:48:21.320Z"
  }
},
{
  "model": "services.serviceimage",
  "pk": 13,
  "fields": {
    "service": 32,
    "image": "services/images/ipl_arm.webp",
    "alt_text": "",
    "is_primary": false,
    "created_at": "2025-10-26T12:48:32.411Z"
  }
},
{
  "model": "services.serviceimage",
  "pk": 14,
  "fields": {
    "service": 39,
    "image": "services/images/ipl_back.jpg",
    "alt_text": "",
    "is_primary": false,
    "created_at": "2025-10-26T12:48:47.155Z"
  }
},
{
  "model": "services.serviceimage",
  "pk": 15,
  "fields": {
    "service": 37,
    "image": "services/images/bikini_ipl.png",
    "alt_text": "",
    "is_primary": false,
    "created_at": "2025-10-26T12:48:58.927Z"
  }
},
{
  "model": "services.serviceimage",
  "pk": 16,
  "fields": {
    "service": 33,
    "image": "services/images/ipl_braz.jpg",
    "alt_text": "",
    "is_primary": false,
    "created_at": "2025-10-26T12:49:09.774Z"
  }
},
{
  "model": "services.serviceimage",
  "pk": 17,
  "fields": {
    "service": 38,
    "image": "services/images/ipl_chest.jpg",
    "alt_text": "",
    "is_primary": false,
    "created_at": "2025-10-26T12:49:23.325Z"
  }
},
{
  "model": "services.serviceimage",
  "pk": 18,
  "fields": {
    "service": 30,
    "image": "services/images/ipl_face.jpg",
    "alt_text": "",
    "is_primary": false,
    "created_at": "2025-10-26T12:49:32.823Z"
  }
},
{
  "model": "services.serviceimage",
  "pk": 19,
  "fields": {
    "service": 34,
    "image": "services/images/ipl_legs.jpg",
    "alt_text": "",
    "is_primary": false,
    "created_at": "2025-10-26T12:49:39.983Z"
  }
},
{
  "model": "services.serviceimage",
  "pk": 20,
  "fields": {
    "service": 31,
    "image": "services/images/ipl_neck.jpg",
    "alt_text": "",
    "is_primary": false,
    "created_at": "2025-10-26T12:49:49.317Z"
  }
},
{
  "model": "services.serviceimage",
  "pk": 21,
  "fields": {
    "service": 36,
    "image": "services/images/ipl_udner.jpg",
    "alt_text": "",
    "is_primary": false,
    "created_at": "2025-10-26T12:49:58.358Z"
  }
},
{
  "model": "services.serviceimage",
  "pk": 22,
  "fields": {
    "service": 35,
    "image": "services/images/ipl_lip.jpg",
    "alt_text": "",
    "is_primary": false,
    "created_at": "2025-10-26T12:50:10.409Z"
  }
},
{
  "model": "services.serviceimage",
  "pk": 23,
  "fields": {
    "service": 41,
    "image": "services/images/korean.jpg",
    "alt_text": "",
    "is_primary": false,
    "created_at": "2025-10-26T12:50:20.147Z"
  }
},
{
  "model": "services.serviceimage",
  "pk": 24,
  "fields": {
    "service": 42,
    "image": "services/images/without.jpg",
    "alt_text": "",
    "is_primary": false,
    "created_at": "2025-10-26T12:50:41.001Z"
  }
},
{
  "model": "services.serviceimage",
  "pk": 25,
  "fields": {
    "service": 23,
    "image": "services/images/neck_white.png",
    "alt_text": "",
    "is_primary": false,
    "created_at": "2025-10-26T12:50:51.444Z"
  }
},
{
  "model": "services.serviceimage",
  "pk": 26,
  "fields": {
    "service": 11,
    "image": "services/images/oxy.webp",
    "alt_text": "",
    "is_primary": false,
    "created_at": "2025-10-26T12:51:00.483Z"
  }
},
{
  "model": "services.serviceimage",
  "pk": 27,
  "fields": {
    "service": 16,
    "image": "services/images/pico.webp",
    "alt_text": "",
    "is_primary": false,
    "created_at": "2025-10-26T12:51:11.075Z"
  }
},
{
  "model": "services.serviceimage",
  "pk": 28,
  "fields": {
    "service": 24,
    "image": "services/images/pimp.jpg",
    "alt_text": "",
    "is_primary": false,
    "created_at": "2025-10-26T12:51:22.222Z"
  }
},
{
  "model": "services.serviceimage",
  "pk": 29,
  "fields": {
    "service": 14,
    "image": "services/images/prp.jpeg",
    "alt_text": "",
    "is_primary": false,
    "created_at": "2025-10-26T12:52:00.159Z"
  }
},
{
  "model": "services.serviceimage",
  "pk": 30,
  "fields": {
    "service": 1,
    "image": "services/images/primary.jpg",
    "alt_text": "",
    "is_primary": false,
    "created_at": "2025-10-26T12:52:12.947Z"
  }
},
{
  "model": "services.serviceimage",
  "pk": 31,
  "fields": {
    "service": 9,
    "image": "services/images/radio.jpg",
    "alt_text": "",
    "is_primary": false,
    "created_at": "2025-10-26T12:52:55.918Z"
  }
},
{
  "model": "services.serviceimage",
  "pk": 32,
  "fields": {
    "service": 12,
    "image": "services/images/skin_rejuv.jpg",
    "alt_text": "",
    "is_primary": false,
    "created_at": "2025-10-26T12:53:03.647Z"
  }
},
{
  "model": "services.serviceimage",
  "pk": 34,
  "fields": {
    "service": 17,
    "image": "services/images/tattoo.jpeg",
    "alt_text": "",
    "is_primary": false,
    "created_at": "2025-10-26T12:53:28.221Z"
  }
},
{
  "model": "services.serviceimage",
  "pk": 35,
  "fields": {
    "service": 28,
    "image": "services/images/thigh.jpg",
    "alt_text": "",
    "is_primary": false,
    "created_at": "2025-10-26T12:53:34.138Z"
  }
},
{
  "model": "services.serviceimage",
  "pk": 36,
  "fields": {
    "service": 4,
    "image": "services/images/undearm.webp",
    "alt_text": "",
    "is_primary": false,
    "created_at": "2025-10-26T12:53:41.767Z"
  }
},
{
  "model": "services.serviceimage",
  "pk": 37,
  "fields": {
    "service": 18,
    "image": "services/images/vit_c.webp",
    "alt_text": "",
    "is_primary": false,
    "created_at": "2025-10-26T12:53:48.513Z"
  }
},
{
  "model": "services.serviceimage",
  "pk": 38,
  "fields": {
    "service": 27,
    "image": "services/images/wasist.jpg",
    "alt_text": "",
    "is_primary": false,
    "created_at": "2025-10-26T12:53:56.904Z"
  }
},
{
  "model": "services.serviceimage",
  "pk": 39,
  "fields": {
    "service": 40,
    "image": "services/images/wards.jpg",
    "alt_text": "",
    "is_primary": false,
    "created_at": "2025-10-26T12:54:13.446Z"
  }
},
{
  "model": "services.serviceimage",
  "pk": 40,
  "fields": {
    "service": 8,
    "image": "services/images/diamond_DD0UFiY.webp",
    "alt_text": "",
    "is_primary": false,
    "created_at": "2025-10-26T12:58:18.334Z"
  }
},
{
  "model": "services.serviceimage",
  "pk": 41,
  "fields": {
    "service": 6,
    "image": "services/images/snowte.webp",
    "alt_text": "",
    "is_primary": false,
    "created_at": "2025-10-26T13:04:33.555Z"
  }
},
{
  "model": "services.historylog",
  "pk": 1,
  "fields": {
    "datetime": "2025-11-16T02:41:34.437Z",
    "type": "Service",
    "name": "Anti-Acne Treatment",
    "action": "Edited",
    "performed_by": "admin",
    "details": "Updated: Anti-Acne Treatment -> Anti-Acne Treatment",
    "related_id": 25
  }
},
{
  "model": "services.historylog",
  "pk": 2,
  "fields": {
    "datetime": "2025-11-16T02:42:23.293Z",
    "type": "Service",
    "name": "Anti-Acne Treatment",
    "action": "Edited",
    "performed_by": "admin",
    "details": "Updated: Anti-Acne Treatment -> Anti-Acne Treatment",
    "related_id": 25
  }
},
{
  "model": "services.historylog",
  "pk": 3,
  "fields": {
    "datetime": "2025-11-16T02:43:08.391Z",
    "type": "Service",
    "name": "Anti-Acne Treatment",
    "action": "Edited",
    "performed_by": "Clinic Owner",
    "details": "Updated: Anti-Acne Treatment -> Anti-Acne Treatment",
    "related_id": 25
  }
},
{
  "model": "services.historylog",
  "pk": 4,
  "fields": {
    "datetime": "2025-11-16T02:43:30.667Z",
    "type": "Service",
    "name": "Anti-Acne Treatment",
    "action": "Edited",
    "performed_by": "Clinic Owner",
    "details": "Updated: Anti-Acne Treatment -> Anti-Acne Treatment",
    "related_id": 25
  }
},
{
  "model": "services.historylog",
  "pk": 5,
  "fields": {
    "datetime": "2025-11-16T02:43:37.923Z",
    "type": "Package",
    "name": "3 + 1 Back Whitening",
    "action": "Edited",
    "performed_by": "Clinic Owner",
    "details": "Updated: 3 + 1 Back Whitening -> 3 + 1 Back Whitening",
    "related_id": 36
  }
},
{
  "model": "services.historylog",
  "pk": 6,
  "fields": {
    "datetime": "2025-11-16T02:43:47.049Z",
    "type": "Product",
    "name": "Derm Options Kojic Soap",
    "action": "Edited",
    "performed_by": "Clinic Owner",
    "details": "Updated: Derm Options Kojic Soap -> Derm Options Kojic Soap",
    "related_id": 4
  }
},
{
  "model": "appointments.appointment",
  "pk": 1,
  "fields": {
    "appointment_date": "2025-09-22",
    "appointment_time": "12:00:00",
    "status": "completed",
    "created_at": "2025-09-19T05:05:05.753Z",
    "updated_at": "2025-09-20T07:03:39.759Z",
    "transaction_id": null,
    "patient": 7,
    "attendant": 1,
    "service": 24,
    "product": null,
    "package": null
  }
},
{
  "model": "appointments.appointment",
  "pk": 2,
  "fields": {
    "appointment_date": "2025-09-27",
    "appointment_time": "10:00:00",
    "status": "cancelled",
    "created_at": "2025-09-19T05:09:10.924Z",
    "updated_at": "2025-09-20T07:03:56.519Z",
    "transaction_id": null,
    "patient": 7,
    "attendant": 1,
    "service": null,
    "product": 4,
    "package": null
  }
},
{
  "model": "appointments.appointment",
  "pk": 4,
  "fields": {
    "appointment_date": "2025-09-22",
    "appointment_time": "12:00:00",
    "status": "cancelled",
    "created_at": "2025-09-20T03:26:24.674Z",
    "updated_at": "2025-09-20T07:05:00.512Z",
    "transaction_id": null,
    "patient": 7,
    "attendant": 1,
    "service": null,
    "product": 4,
    "package": null
  }
},
{
  "model": "appointments.appointment",
  "pk": 5,
  "fields": {
    "appointment_date": "2025-09-30",
    "appointment_time": "11:00:00",
    "status": "completed",
    "created_at": "2025-09-20T03:26:41.027Z",
    "updated_at": "2025-09-20T06:22:19.696Z",
    "transaction_id": null,
    "patient": 7,
    "attendant": 1,
    "service": 29,
    "product": null,
    "package": null
  }
},
{
  "model": "appointments.appointment",
  "pk": 6,
  "fields": {
    "appointment_date": "2025-09-22",
    "appointment_time": "10:00:00",
    "status": "completed",
    "created_at": "2025-09-20T06:11:57.025Z",
    "updated_at": "2025-09-20T06:21:58.199Z",
    "transaction_id": null,
    "patient": 7,
    "attendant": 1,
    "service": null,
    "product": 6,
    "package": null
  }
},
{
  "model": "appointments.appointment",
  "pk": 8,
  "fields": {
    "appointment_date": "2025-09-25",
    "appointment_time": "10:00:00",
    "status": "completed",
    "created_at": "2025-09-20T06:46:40.071Z",
    "updated_at": "2025-09-20T07:04:15.639Z",
    "transaction_id": null,
    "patient": 7,
    "attendant": 1,
    "service": 24,
    "product": null,
    "package": null
  }
},
{
  "model": "appointments.appointment",
  "pk": 9,
  "fields": {
    "appointment_date": "2025-09-23",
    "appointment_time": "10:00:00",
    "status": "cancelled",
    "created_at": "2025-09-20T07:18:41.926Z",
    "updated_at": "2025-09-20T07:24:00.867Z",
    "transaction_id": null,
    "patient": 7,
    "attendant": 1,
    "service": 20,
    "product": null,
    "package": null
  }
},
{
  "model": "appointments.appointment",
  "pk": 10,
  "fields": {
    "appointment_date": "2025-09-23",
    "appointment_time": "14:00:00",
    "status": "completed",
    "created_at": "2025-09-20T07:30:49.746Z",
    "updated_at": "2025-09-20T07:34:28.479Z",
    "transaction_id": null,
    "patient": 7,
    "attendant": 1,
    "service": null,
    "product": 2,
    "package": null
  }
},
{
  "model": "appointments.appointment",
  "pk": 11,
  "fields": {
    "appointment_date": "2025-09-26",
    "appointment_time": "11:00:00",
    "status": "completed",
    "created_at": "2025-09-20T07:39:18.311Z",
    "updated_at": "2025-09-20T07:43:39.576Z",
    "transaction_id": null,
    "patient": 7,
    "attendant": 1,
    "service": 20,
    "product": null,
    "package": null
  }
},
{
  "model": "appointments.appointment",
  "pk": 12,
  "fields": {
    "appointment_date": "2025-09-24",
    "appointment_time": "12:00:00",
    "status": "cancelled",
    "created_at": "2025-09-20T07:47:12.033Z",
    "updated_at": "2025-09-27T01:47:14.921Z",
    "transaction_id": null,
    "patient": 7,
    "attendant": 1,
    "service": null,
    "product": null,
    "package": 3
  }
},
{
  "model": "appointments.appointment",
  "pk": 13,
  "fields": {
    "appointment_date": "2025-09-23",
    "appointment_time": "11:00:00",
    "status": "completed",
    "created_at": "2025-09-20T08:20:10.763Z",
    "updated_at": "2025-09-20T08:20:54.421Z",
    "transaction_id": "262BBA7E",
    "patient": 7,
    "attendant": 1,
    "service": 25,
    "product": null,
    "package": null
  }
},
{
  "model": "appointments.appointment",
  "pk": 15,
  "fields": {
    "appointment_date": "2025-09-30",
    "appointment_time": "12:00:00",
    "status": "completed",
    "created_at": "2025-09-27T02:34:06.180Z",
    "updated_at": "2025-09-27T02:35:38.750Z",
    "transaction_id": "7ABEF194",
    "patient": 7,
    "attendant": 1,
    "service": 24,
    "product": null,
    "package": null
  }
},
{
  "model": "appointments.appointment",
  "pk": 16,
  "fields": {
    "appointment_date": "2025-10-21",
    "appointment_time": "11:00:00",
    "status": "completed",
    "created_at": "2025-10-19T08:06:40.499Z",
    "updated_at": "2025-10-19T08:07:00.214Z",
    "transaction_id": null,
    "patient": 7,
    "attendant": 1,
    "service": null,
    "product": 1,
    "package": null
  }
},
{
  "model": "appointments.appointment",
  "pk": 17,
  "fields": {
    "appointment_date": "2025-10-23",
    "appointment_time": "10:00:00",
    "status": "completed",
    "created_at": "2025-10-19T08:27:14.940Z",
    "updated_at": "2025-10-21T03:42:13.058Z",
    "transaction_id": "97FE39E3",
    "patient": 7,
    "attendant": 3,
    "service": 29,
    "product": null,
    "package": null
  }
},
{
  "model": "appointments.appointment",
  "pk": 19,
  "fields": {
    "appointment_date": "2025-10-23",
    "appointment_time": "12:00:00",
    "status": "cancelled",
    "created_at": "2025-10-21T03:59:40.186Z",
    "updated_at": "2025-10-21T04:00:16.676Z",
    "transaction_id": "F0587A93",
    "patient": 7,
    "attendant": 1,
    "service": 29,
    "product": null,
    "package": null
  }
},
{
  "model": "appointments.appointment",
  "pk": 22,
  "fields": {
    "appointment_date": "2025-10-24",
    "appointment_time": "10:00:00",
    "status": "completed",
    "created_at": "2025-10-21T05:23:54.501Z",
    "updated_at": "2025-10-21T05:24:22.433Z",
    "transaction_id": "64A04F06",
    "patient": 11,
    "attendant": 1,
    "service": 17,
    "product": null,
    "package": null
  }
},
{
  "model": "appointments.appointment",
  "pk": 24,
  "fields": {
    "appointment_date": "2025-10-30",
    "appointment_time": "10:00:00",
    "status": "completed",
    "created_at": "2025-10-26T13:54:32.705Z",
    "updated_at": "2025-10-26T13:54:53.265Z",
    "transaction_id": null,
    "patient": 13,
    "attendant": 1,
    "service": null,
    "product": 1,
    "package": null
  }
},
{
  "model": "appointments.appointment",
  "pk": 25,
  "fields": {
    "appointment_date": "2025-10-30",
    "appointment_time": "11:00:00",
    "status": "completed",
    "created_at": "2025-10-28T16:25:31.946Z",
    "updated_at": "2025-11-13T15:39:01.692Z",
    "transaction_id": null,
    "patient": 7,
    "attendant": 1,
    "service": null,
    "product": 4,
    "package": null
  }
},
{
  "model": "appointments.appointment",
  "pk": 26,
  "fields": {
    "appointment_date": "2025-11-10",
    "appointment_time": "10:00:00",
    "status": "cancelled",
    "created_at": "2025-11-09T00:39:47.933Z",
    "updated_at": "2025-11-09T03:05:42.967Z",
    "transaction_id": "28F4C803",
    "patient": 15,
    "attendant": 1,
    "service": 25,
    "product": null,
    "package": null
  }
},
{
  "model": "appointments.appointment",
  "pk": 27,
  "fields": {
    "appointment_date": "2025-11-27",
    "appointment_time": "13:00:00",
    "status": "completed",
    "created_at": "2025-11-12T04:01:04.887Z",
    "updated_at": "2025-11-16T13:05:29.749Z",
    "transaction_id": "7DC7CAC5",
    "patient": 23,
    "attendant": 1,
    "service": 22,
    "product": null,
    "package": null
  }
},
{
  "model": "appointments.appointment",
  "pk": 28,
  "fields": {
    "appointment_date": "2025-11-14",
    "appointment_time": "10:00:00",
    "status": "completed",
    "created_at": "2025-11-13T15:34:13.209Z",
    "updated_at": "2025-11-13T15:39:16.331Z",
    "transaction_id": "D7B47D5A",
    "patient": 24,
    "attendant": 1,
    "service": 7,
    "product": null,
    "package": null
  }
},
{
  "model": "appointments.appointment",
  "pk": 29,
  "fields": {
    "appointment_date": "2025-11-14",
    "appointment_time": "10:00:00",
    "status": "pending",
    "created_at": "2025-11-13T15:37:32.858Z",
    "updated_at": "2025-11-13T15:37:32.858Z",
    "transaction_id": "0CDC646B",
    "patient": 24,
    "attendant": 1,
    "service": 7,
    "product": null,
    "package": null
  }
},
{
  "model": "appointments.appointment",
  "pk": 30,
  "fields": {
    "appointment_date": "2025-11-20",
    "appointment_time": "14:00:00",
    "status": "completed",
    "created_at": "2025-11-16T03:16:02.687Z",
    "updated_at": "2025-11-16T03:28:30.755Z",
    "transaction_id": "415B897B",
    "patient": 11,
    "attendant": 3,
    "service": 20,
    "product": null,
    "package": null
  }
},
{
  "model": "appointments.appointment",
  "pk": 31,
  "fields": {
    "appointment_date": "2025-11-21",
    "appointment_time": "14:00:00",
    "status": "completed",
    "created_at": "2025-11-16T03:40:44.518Z",
    "updated_at": "2025-11-16T03:41:13.731Z",
    "transaction_id": "29E67204",
    "patient": 11,
    "attendant": 1,
    "service": 15,
    "product": null,
    "package": null
  }
},
{
  "model": "appointments.appointment",
  "pk": 32,
  "fields": {
    "appointment_date": "2025-11-22",
    "appointment_time": "11:00:00",
    "status": "completed",
    "created_at": "2025-11-16T12:40:50.941Z",
    "updated_at": "2025-11-16T13:05:18.118Z",
    "transaction_id": "25B48A63",
    "patient": 11,
    "attendant": 1,
    "service": null,
    "product": 4,
    "package": null
  }
},
{
  "model": "appointments.appointment",
  "pk": 33,
  "fields": {
    "appointment_date": "2025-11-27",
    "appointment_time": "13:00:00",
    "status": "completed",
    "created_at": "2025-11-19T16:52:14.816Z",
    "updated_at": "2025-11-19T16:53:55.216Z",
    "transaction_id": "57EEBC8D",
    "patient": 11,
    "attendant": 3,
    "service": 29,
    "product": null,
    "package": null
  }
},
{
  "model": "appointments.cancellationrequest",
  "pk": 1,
  "fields": {
    "appointment_id": 9,
    "appointment_type": "regular",
    "reason": "i change my mind",
    "status": "approved",
    "created_at": "2025-09-20T07:23:20.844Z",
    "updated_at": "2025-09-20T07:24:00.854Z",
    "patient": 7
  }
},
{
  "model": "appointments.cancellationrequest",
  "pk": 2,
  "fields": {
    "appointment_id": 12,
    "appointment_type": "package",
    "reason": "ASGAIUFFGKSFSS",
    "status": "approved",
    "created_at": "2025-09-27T01:42:30.417Z",
    "updated_at": "2025-09-27T01:47:14.909Z",
    "patient": 7
  }
},
{
  "model": "appointments.cancellationrequest",
  "pk": 3,
  "fields": {
    "appointment_id": 19,
    "appointment_type": "regular",
    "reason": "qheiqwoehjq",
    "status": "approved",
    "created_at": "2025-10-21T03:59:46.240Z",
    "updated_at": "2025-10-21T04:00:16.662Z",
    "patient": 7
  }
},
{
  "model": "appointments.cancellationrequest",
  "pk": 4,
  "fields": {
    "appointment_id": 20,
    "appointment_type": "regular",
    "reason": "qewewq",
    "status": "rejected",
    "created_at": "2025-10-21T04:00:53.466Z",
    "updated_at": "2025-10-21T04:01:02.375Z",
    "patient": 7
  }
},
{
  "model": "appointments.cancellationrequest",
  "pk": 5,
  "fields": {
    "appointment_id": 26,
    "appointment_type": "regular",
    "reason": "Test cancellation reason",
    "status": "approved",
    "created_at": "2025-11-09T00:49:25.159Z",
    "updated_at": "2025-11-09T03:05:42.957Z",
    "patient": 15
  }
},
{
  "model": "appointments.reschedulerequest",
  "pk": 1,
  "fields": {
    "appointment_id": 28,
    "new_appointment_date": "2025-11-15",
    "new_appointment_time": "13:40:00",
    "reason": "",
    "status": "rejected",
    "created_at": "2025-11-13T15:38:17.336Z",
    "updated_at": "2025-11-16T13:02:09.116Z",
    "patient": 24
  }
},
{
  "model": "appointments.reschedulerequest",
  "pk": 2,
  "fields": {
    "appointment_id": 32,
    "new_appointment_date": "2025-11-22",
    "new_appointment_time": "11:00:00",
    "reason": "",
    "status": "approved",
    "created_at": "2025-11-16T12:56:24.753Z",
    "updated_at": "2025-11-16T13:01:58.598Z",
    "patient": 11
  }
},
{
  "model": "appointments.feedback",
  "pk": 1,
  "fields": {
    "rating": 5,
    "attendant_rating": 5,
    "comment": "",
    "created_at": "2025-11-16T03:23:15.014Z",
    "appointment": 22,
    "patient": 11
  }
},
{
  "model": "appointments.feedback",
  "pk": 2,
  "fields": {
    "rating": 5,
    "attendant_rating": 5,
    "comment": "",
    "created_at": "2025-11-16T03:29:19.217Z",
    "appointment": 30,
    "patient": 11
  }
},
{
  "model": "appointments.feedback",
  "pk": 3,
  "fields": {
    "rating": 5,
    "attendant_rating": 5,
    "comment": "adfaqwfwf",
    "created_at": "2025-11-16T03:41:50.436Z",
    "appointment": 31,
    "patient": 11
  }
},
{
  "model": "appointments.feedback",
  "pk": 4,
  "fields": {
    "rating": 5,
    "attendant_rating": 5,
    "comment": "",
    "created_at": "2025-11-16T13:06:23.719Z",
    "appointment": 32,
    "patient": 11
  }
},
{
  "model": "appointments.feedback",
  "pk": 5,
  "fields": {
    "rating": 5,
    "attendant_rating": 5,
    "comment": "",
    "created_at": "2025-11-19T16:54:14.714Z",
    "appointment": 33,
    "patient": 11
  }
},
{
  "model": "appointments.notification",
  "pk": 1,
  "fields": {
    "type": "appointment",
    "appointment_id": 1,
    "title": "Appointment Booked",
    "message": "Your appointment has been booked for 2025-09-22 at 12:00",
    "is_read": true,
    "archived": false,
    "created_at": "2025-09-19T05:05:05.768Z",
    "patient": 7
  }
},
{
  "model": "appointments.notification",
  "pk": 2,
  "fields": {
    "type": "appointment",
    "appointment_id": 2,
    "title": "Appointment Booked",
    "message": "Your appointment has been booked for 2025-09-27 at 10:00",
    "is_read": true,
    "archived": false,
    "created_at": "2025-09-19T05:09:10.940Z",
    "patient": 7
  }
},
{
  "model": "appointments.notification",
  "pk": 3,
  "fields": {
    "type": "appointment",
    "appointment_id": 3,
    "title": "Appointment Booked",
    "message": "Your appointment has been booked for 2025-09-22 at 11:00",
    "is_read": true,
    "archived": false,
    "created_at": "2025-09-20T02:51:41.160Z",
    "patient": 7
  }
},
{
  "model": "appointments.notification",
  "pk": 4,
  "fields": {
    "type": "appointment",
    "appointment_id": 4,
    "title": "Product Pre-Ordered",
    "message": "Your Derm Options Kojic Soap has been pre-ordered for pickup on 2025-09-22 at 12:00",
    "is_read": true,
    "archived": false,
    "created_at": "2025-09-20T03:26:24.696Z",
    "patient": 7
  }
},
{
  "model": "appointments.notification",
  "pk": 5,
  "fields": {
    "type": "appointment",
    "appointment_id": 5,
    "title": "Appointment Booked",
    "message": "Your Arms Cavitation appointment has been booked for 2025-09-30 at 11:00",
    "is_read": true,
    "archived": false,
    "created_at": "2025-09-20T03:26:41.049Z",
    "patient": 7
  }
},
{
  "model": "appointments.notification",
  "pk": 6,
  "fields": {
    "type": "appointment",
    "appointment_id": 6,
    "title": "Product Pre-Ordered",
    "message": "Your Derm Options Pore Minimizer (Toner) has been pre-ordered for pickup on 2025-09-22 at 10:00",
    "is_read": true,
    "archived": false,
    "created_at": "2025-09-20T06:11:57.053Z",
    "patient": 7
  }
},
{
  "model": "appointments.notification",
  "pk": 7,
  "fields": {
    "type": "confirmation",
    "appointment_id": 6,
    "title": "Appointment Confirmed",
    "message": "Your appointment for Derm Options Pore Minimizer (Toner) on 2025-09-22 at 10:00:00 has been confirmed.",
    "is_read": true,
    "archived": false,
    "created_at": "2025-09-20T06:21:49.382Z",
    "patient": 7
  }
},
{
  "model": "appointments.notification",
  "pk": 8,
  "fields": {
    "type": "appointment",
    "appointment_id": 6,
    "title": "Appointment Completed",
    "message": "Your appointment for Derm Options Pore Minimizer (Toner) on 2025-09-22 has been completed. Thank you for choosing Skinovation Beauty Clinic!",
    "is_read": true,
    "archived": false,
    "created_at": "2025-09-20T06:21:58.214Z",
    "patient": 7
  }
},
{
  "model": "appointments.notification",
  "pk": 9,
  "fields": {
    "type": "confirmation",
    "appointment_id": 5,
    "title": "Appointment Confirmed",
    "message": "Your appointment for Arms Cavitation on 2025-09-30 at 11:00:00 has been confirmed.",
    "is_read": true,
    "archived": false,
    "created_at": "2025-09-20T06:22:15.413Z",
    "patient": 7
  }
},
{
  "model": "appointments.notification",
  "pk": 10,
  "fields": {
    "type": "appointment",
    "appointment_id": 5,
    "title": "Appointment Completed",
    "message": "Your appointment for Arms Cavitation on 2025-09-30 has been completed. Thank you for choosing Skinovation Beauty Clinic!",
    "is_read": true,
    "archived": false,
    "created_at": "2025-09-20T06:22:19.709Z",
    "patient": 7
  }
},
{
  "model": "appointments.notification",
  "pk": 11,
  "fields": {
    "type": "cancellation",
    "appointment_id": 3,
    "title": "Appointment Cancelled",
    "message": "Your appointment for Diamond Peel on 2025-09-22 at 11:00:00 has been cancelled. Please contact us to reschedule.",
    "is_read": true,
    "archived": false,
    "created_at": "2025-09-20T06:28:47.773Z",
    "patient": 7
  }
},
{
  "model": "appointments.notification",
  "pk": 12,
  "fields": {
    "type": "confirmation",
    "appointment_id": 1,
    "title": "Appointment Confirmed",
    "message": "Your appointment for Pimple Injection on 2025-09-22 at 12:00:00 has been confirmed.",
    "is_read": true,
    "archived": false,
    "created_at": "2025-09-20T06:29:32.052Z",
    "patient": 7
  }
},
{
  "model": "appointments.notification",
  "pk": 15,
  "fields": {
    "type": "confirmation",
    "appointment_id": 7,
    "title": "Appointment Confirmed",
    "message": "Your appointment for Anti-Acne Treatment on 2025-09-27 at 12:00:00 has been confirmed.",
    "is_read": true,
    "archived": false,
    "created_at": "2025-09-20T07:03:20.317Z",
    "patient": 7
  }
},
{
  "model": "appointments.notification",
  "pk": 16,
  "fields": {
    "type": "appointment",
    "appointment_id": 7,
    "title": "Appointment Completed",
    "message": "Your appointment for Anti-Acne Treatment on 2025-09-27 has been completed. Thank you for choosing Skinovation Beauty Clinic!",
    "is_read": true,
    "archived": false,
    "created_at": "2025-09-20T07:03:27.570Z",
    "patient": 7
  }
},
{
  "model": "appointments.notification",
  "pk": 17,
  "fields": {
    "type": "appointment",
    "appointment_id": 1,
    "title": "Appointment Completed",
    "message": "Your appointment for Pimple Injection on 2025-09-22 has been completed. Thank you for choosing Skinovation Beauty Clinic!",
    "is_read": true,
    "archived": false,
    "created_at": "2025-09-20T07:03:39.775Z",
    "patient": 7
  }
},
{
  "model": "appointments.notification",
  "pk": 18,
  "fields": {
    "type": "confirmation",
    "appointment_id": 2,
    "title": "Appointment Confirmed",
    "message": "Your appointment for Derm Options Kojic Soap on 2025-09-27 at 10:00:00 has been confirmed.",
    "is_read": true,
    "archived": false,
    "created_at": "2025-09-20T07:03:46.254Z",
    "patient": 7
  }
},
{
  "model": "appointments.notification",
  "pk": 19,
  "fields": {
    "type": "cancellation",
    "appointment_id": 2,
    "title": "Appointment Cancelled",
    "message": "Your appointment for Derm Options Kojic Soap on 2025-09-27 at 10:00:00 has been cancelled. Please contact us to reschedule.",
    "is_read": true,
    "archived": false,
    "created_at": "2025-09-20T07:03:56.534Z",
    "patient": 7
  }
},
{
  "model": "appointments.notification",
  "pk": 20,
  "fields": {
    "type": "confirmation",
    "appointment_id": 8,
    "title": "Appointment Confirmed",
    "message": "Your appointment for Pimple Injection on 2025-09-25 at 10:00:00 has been confirmed.",
    "is_read": true,
    "archived": false,
    "created_at": "2025-09-20T07:04:10.477Z",
    "patient": 7
  }
},
{
  "model": "appointments.notification",
  "pk": 21,
  "fields": {
    "type": "appointment",
    "appointment_id": 8,
    "title": "Appointment Completed",
    "message": "Your appointment for Pimple Injection on 2025-09-25 has been completed. Thank you for choosing Skinovation Beauty Clinic!",
    "is_read": true,
    "archived": false,
    "created_at": "2025-09-20T07:04:15.654Z",
    "patient": 7
  }
},
{
  "model": "appointments.notification",
  "pk": 22,
  "fields": {
    "type": "confirmation",
    "appointment_id": 4,
    "title": "Appointment Confirmed",
    "message": "Your appointment for Derm Options Kojic Soap on 2025-09-22 at 12:00:00 has been confirmed.",
    "is_read": true,
    "archived": false,
    "created_at": "2025-09-20T07:04:36.890Z",
    "patient": 7
  }
},
{
  "model": "appointments.notification",
  "pk": 23,
  "fields": {
    "type": "cancellation",
    "appointment_id": 4,
    "title": "Appointment Cancelled",
    "message": "Your appointment for Derm Options Kojic Soap on 2025-09-22 at 12:00:00 has been cancelled. Please contact us to reschedule.",
    "is_read": true,
    "archived": false,
    "created_at": "2025-09-20T07:05:00.527Z",
    "patient": 7
  }
},
{
  "model": "appointments.notification",
  "pk": 24,
  "fields": {
    "type": "appointment",
    "appointment_id": 9,
    "title": "Appointment Booked",
    "message": "Your Back Whitening appointment has been booked for 2025-09-23 at 10:00",
    "is_read": true,
    "archived": false,
    "created_at": "2025-09-20T07:18:41.954Z",
    "patient": 7
  }
},
{
  "model": "appointments.notification",
  "pk": 25,
  "fields": {
    "type": "cancellation",
    "appointment_id": 9,
    "title": "Cancellation Request",
    "message": "Patient kenai seva seyer has requested to cancel their appointment for Back Whitening on 2025-09-23 at 10:00:00. Reason: i change my mind",
    "is_read": true,
    "archived": false,
    "created_at": "2025-09-20T07:23:21.257Z",
    "patient": null
  }
},
{
  "model": "appointments.notification",
  "pk": 26,
  "fields": {
    "type": "cancellation",
    "appointment_id": 9,
    "title": "Cancellation Approved",
    "message": "Your cancellation request for Back Whitening on 2025-09-23 at 10:00:00 has been approved.",
    "is_read": true,
    "archived": false,
    "created_at": "2025-09-20T07:24:00.882Z",
    "patient": 7
  }
},
{
  "model": "appointments.notification",
  "pk": 27,
  "fields": {
    "type": "appointment",
    "appointment_id": 10,
    "title": "Product Pre-Ordered",
    "message": "Your Sunscreen Cream has been pre-ordered for pickup on 2025-09-23 at 14:00",
    "is_read": true,
    "archived": false,
    "created_at": "2025-09-20T07:30:49.771Z",
    "patient": 7
  }
},
{
  "model": "appointments.notification",
  "pk": 28,
  "fields": {
    "type": "confirmation",
    "appointment_id": 10,
    "title": "Appointment Confirmed",
    "message": "Your appointment for Sunscreen Cream on 2025-09-23 at 14:00:00 has been confirmed.",
    "is_read": true,
    "archived": false,
    "created_at": "2025-09-20T07:31:31.812Z",
    "patient": 7
  }
},
{
  "model": "appointments.notification",
  "pk": 29,
  "fields": {
    "type": "appointment",
    "appointment_id": 10,
    "title": "Appointment Completed",
    "message": "Your appointment for Sunscreen Cream on 2025-09-23 has been completed. Thank you for choosing Skinovation Beauty Clinic!",
    "is_read": true,
    "archived": false,
    "created_at": "2025-09-20T07:34:28.493Z",
    "patient": 7
  }
},
{
  "model": "appointments.notification",
  "pk": 30,
  "fields": {
    "type": "appointment",
    "appointment_id": 11,
    "title": "Appointment Booked",
    "message": "Your Back Whitening appointment has been booked for 2025-09-26 at 11:00",
    "is_read": true,
    "archived": false,
    "created_at": "2025-09-20T07:39:18.789Z",
    "patient": 7
  }
},
{
  "model": "appointments.notification",
  "pk": 31,
  "fields": {
    "type": "confirmation",
    "appointment_id": 11,
    "title": "Appointment Confirmed",
    "message": "Your appointment for Back Whitening on 2025-09-26 at 11:00:00 has been confirmed.",
    "is_read": true,
    "archived": false,
    "created_at": "2025-09-20T07:39:48.723Z",
    "patient": 7
  }
},
{
  "model": "appointments.notification",
  "pk": 32,
  "fields": {
    "type": "appointment",
    "appointment_id": 11,
    "title": "Appointment Completed",
    "message": "Your appointment for Back Whitening on 2025-09-26 has been completed. Thank you for choosing Skinovation Beauty Clinic!",
    "is_read": true,
    "archived": false,
    "created_at": "2025-09-20T07:43:39.589Z",
    "patient": 7
  }
},
{
  "model": "appointments.notification",
  "pk": 33,
  "fields": {
    "type": "appointment",
    "appointment_id": 12,
    "title": "Package Booked",
    "message": "Your 3 + 1 Bikini Whitening package has been booked for 2025-09-24 at 12:00",
    "is_read": true,
    "archived": false,
    "created_at": "2025-09-20T07:47:12.054Z",
    "patient": 7
  }
},
{
  "model": "appointments.notification",
  "pk": 34,
  "fields": {
    "type": "confirmation",
    "appointment_id": 12,
    "title": "Appointment Confirmed",
    "message": "Your appointment for 3 + 1 Bikini Whitening on 2025-09-24 at 12:00:00 has been confirmed.",
    "is_read": true,
    "archived": false,
    "created_at": "2025-09-20T07:47:31.134Z",
    "patient": 7
  }
},
{
  "model": "appointments.notification",
  "pk": 35,
  "fields": {
    "type": "appointment",
    "appointment_id": 13,
    "title": "Appointment Booked",
    "message": "Your Anti-Acne Treatment appointment has been booked for 2025-09-23 at 11:00. Transaction ID: 262BBA7E",
    "is_read": true,
    "archived": false,
    "created_at": "2025-09-20T08:20:10.788Z",
    "patient": 7
  }
},
{
  "model": "appointments.notification",
  "pk": 36,
  "fields": {
    "type": "confirmation",
    "appointment_id": 13,
    "title": "Appointment Confirmed",
    "message": "Your appointment for Anti-Acne Treatment on 2025-09-23 at 11:00:00 has been confirmed.",
    "is_read": true,
    "archived": false,
    "created_at": "2025-09-20T08:20:49.758Z",
    "patient": 7
  }
},
{
  "model": "appointments.notification",
  "pk": 37,
  "fields": {
    "type": "appointment",
    "appointment_id": 13,
    "title": "Appointment Completed",
    "message": "Your appointment for Anti-Acne Treatment on 2025-09-23 has been completed. Thank you for choosing Skinovation Beauty Clinic!",
    "is_read": true,
    "archived": false,
    "created_at": "2025-09-20T08:20:54.436Z",
    "patient": 7
  }
},
{
  "model": "appointments.notification",
  "pk": 38,
  "fields": {
    "type": "cancellation",
    "appointment_id": 12,
    "title": "Cancellation Request",
    "message": "Patient kenai seva seyer has requested to cancel their appointment for 3 + 1 Bikini Whitening on 2025-09-24 at 12:00:00. Reason: ASGAIUFFGKSFSS",
    "is_read": true,
    "archived": false,
    "created_at": "2025-09-27T01:42:30.429Z",
    "patient": null
  }
},
{
  "model": "appointments.notification",
  "pk": 39,
  "fields": {
    "type": "cancellation",
    "appointment_id": 12,
    "title": "Cancellation Approved",
    "message": "Your cancellation request for 3 + 1 Bikini Whitening on 2025-09-24 at 12:00:00 has been approved.",
    "is_read": true,
    "archived": false,
    "created_at": "2025-09-27T01:47:14.936Z",
    "patient": 7
  }
},
{
  "model": "appointments.notification",
  "pk": 40,
  "fields": {
    "type": "appointment",
    "appointment_id": 14,
    "title": "Appointment Booked",
    "message": "Your Anti-Acne Treatment appointment has been booked for 2025-09-29 at 10:00. Transaction ID: DF95EE90",
    "is_read": true,
    "archived": false,
    "created_at": "2025-09-27T02:06:56.069Z",
    "patient": 7
  }
},
{
  "model": "appointments.notification",
  "pk": 41,
  "fields": {
    "type": "confirmation",
    "appointment_id": 14,
    "title": "Appointment Confirmed",
    "message": "Your appointment for Anti-Acne Treatment on 2025-09-29 at 10:00:00 has been confirmed.",
    "is_read": true,
    "archived": false,
    "created_at": "2025-09-27T02:08:18.869Z",
    "patient": 7
  }
},
{
  "model": "appointments.notification",
  "pk": 42,
  "fields": {
    "type": "appointment",
    "appointment_id": 14,
    "title": "Appointment Completed",
    "message": "Your appointment for Anti-Acne Treatment on 2025-09-29 has been completed. Thank you for choosing Skinovation Beauty Clinic!",
    "is_read": true,
    "archived": false,
    "created_at": "2025-09-27T02:08:23.403Z",
    "patient": 7
  }
},
{
  "model": "appointments.notification",
  "pk": 43,
  "fields": {
    "type": "appointment",
    "appointment_id": 15,
    "title": "Appointment Booked",
    "message": "Your Pimple Injection appointment has been booked for 2025-09-30 at 12:00. Transaction ID: 7ABEF194",
    "is_read": true,
    "archived": false,
    "created_at": "2025-09-27T02:34:06.204Z",
    "patient": 7
  }
},
{
  "model": "appointments.notification",
  "pk": 44,
  "fields": {
    "type": "confirmation",
    "appointment_id": 15,
    "title": "Appointment Confirmed",
    "message": "Your appointment for Pimple Injection on 2025-09-30 at 12:00:00 has been confirmed.",
    "is_read": true,
    "archived": false,
    "created_at": "2025-09-27T02:35:22.692Z",
    "patient": 7
  }
},
{
  "model": "appointments.notification",
  "pk": 45,
  "fields": {
    "type": "appointment",
    "appointment_id": 15,
    "title": "Appointment Completed",
    "message": "Your appointment for Pimple Injection on 2025-09-30 has been completed. Thank you for choosing Skinovation Beauty Clinic!",
    "is_read": true,
    "archived": false,
    "created_at": "2025-09-27T02:35:38.765Z",
    "patient": 7
  }
},
{
  "model": "appointments.notification",
  "pk": 46,
  "fields": {
    "type": "appointment",
    "appointment_id": 16,
    "title": "Product Pre-Ordered",
    "message": "Your Derm Options Yellow Soap (Anti-Acne) has been pre-ordered for pickup on 2025-10-21 at 11:00",
    "is_read": true,
    "archived": false,
    "created_at": "2025-10-19T08:06:40.528Z",
    "patient": 7
  }
},
{
  "model": "appointments.notification",
  "pk": 47,
  "fields": {
    "type": "confirmation",
    "appointment_id": 16,
    "title": "Appointment Confirmed",
    "message": "Your appointment for Derm Options Yellow Soap (Anti-Acne) on 2025-10-21 at 11:00:00 has been confirmed.",
    "is_read": true,
    "archived": false,
    "created_at": "2025-10-19T08:06:57.524Z",
    "patient": 7
  }
},
{
  "model": "appointments.notification",
  "pk": 48,
  "fields": {
    "type": "appointment",
    "appointment_id": 16,
    "title": "Appointment Completed",
    "message": "Your appointment for Derm Options Yellow Soap (Anti-Acne) on 2025-10-21 has been completed. Thank you for choosing Skinovation Beauty Clinic!",
    "is_read": true,
    "archived": false,
    "created_at": "2025-10-19T08:07:00.230Z",
    "patient": 7
  }
},
{
  "model": "appointments.notification",
  "pk": 49,
  "fields": {
    "type": "appointment",
    "appointment_id": 17,
    "title": "Appointment Booked",
    "message": "Your Arms Cavitation appointment has been booked for 2025-10-23 at 10:00. Transaction ID: 97FE39E3",
    "is_read": true,
    "archived": false,
    "created_at": "2025-10-19T08:27:14.962Z",
    "patient": 7
  }
},
{
  "model": "appointments.notification",
  "pk": 50,
  "fields": {
    "type": "appointment",
    "appointment_id": 18,
    "title": "Appointment Booked",
    "message": "Your Korean Lash Lift with Tint appointment has been booked for 2025-10-21 at 11:00. Transaction ID: 08F8DB5C",
    "is_read": true,
    "archived": false,
    "created_at": "2025-10-21T02:42:50.657Z",
    "patient": 7
  }
},
{
  "model": "appointments.notification",
  "pk": 51,
  "fields": {
    "type": "confirmation",
    "appointment_id": 18,
    "title": "Appointment Confirmed",
    "message": "Your appointment for Korean Lash Lift with Tint on 2025-10-21 at 11:00:00 has been confirmed.",
    "is_read": true,
    "archived": false,
    "created_at": "2025-10-21T03:42:07.031Z",
    "patient": 7
  }
},
{
  "model": "appointments.notification",
  "pk": 52,
  "fields": {
    "type": "appointment",
    "appointment_id": 18,
    "title": "Appointment Completed",
    "message": "Your appointment for Korean Lash Lift with Tint on 2025-10-21 has been completed. Thank you for choosing Skinovation Beauty Clinic!",
    "is_read": true,
    "archived": false,
    "created_at": "2025-10-21T03:42:08.473Z",
    "patient": 7
  }
},
{
  "model": "appointments.notification",
  "pk": 53,
  "fields": {
    "type": "confirmation",
    "appointment_id": 17,
    "title": "Appointment Confirmed",
    "message": "Your appointment for Arms Cavitation on 2025-10-23 at 10:00:00 has been confirmed.",
    "is_read": true,
    "archived": false,
    "created_at": "2025-10-21T03:42:11.689Z",
    "patient": 7
  }
},
{
  "model": "appointments.notification",
  "pk": 54,
  "fields": {
    "type": "appointment",
    "appointment_id": 17,
    "title": "Appointment Completed",
    "message": "Your appointment for Arms Cavitation on 2025-10-23 has been completed. Thank you for choosing Skinovation Beauty Clinic!",
    "is_read": true,
    "archived": false,
    "created_at": "2025-10-21T03:42:13.073Z",
    "patient": 7
  }
},
{
  "model": "appointments.notification",
  "pk": 55,
  "fields": {
    "type": "appointment",
    "appointment_id": 19,
    "title": "Appointment Booked",
    "message": "Your Arms Cavitation appointment has been booked for 2025-10-23 at 12:00. Transaction ID: F0587A93",
    "is_read": true,
    "archived": false,
    "created_at": "2025-10-21T03:59:40.211Z",
    "patient": 7
  }
},
{
  "model": "appointments.notification",
  "pk": 56,
  "fields": {
    "type": "cancellation",
    "appointment_id": 19,
    "title": "Cancellation Request",
    "message": "Patient kenai seva seyer has requested to cancel their appointment for Arms Cavitation on 2025-10-23 at 12:00:00. Reason: qheiqwoehjq",
    "is_read": true,
    "archived": false,
    "created_at": "2025-10-21T03:59:46.255Z",
    "patient": null
  }
},
{
  "model": "appointments.notification",
  "pk": 57,
  "fields": {
    "type": "cancellation",
    "appointment_id": 19,
    "title": "Cancellation Approved",
    "message": "Your cancellation request for Arms Cavitation on 2025-10-23 at 12:00:00 has been approved.",
    "is_read": true,
    "archived": false,
    "created_at": "2025-10-21T04:00:16.700Z",
    "patient": 7
  }
},
{
  "model": "appointments.notification",
  "pk": 58,
  "fields": {
    "type": "appointment",
    "appointment_id": 20,
    "title": "Appointment Booked",
    "message": "Your Arms Cavitation appointment has been booked for 2025-10-22 at 11:00. Transaction ID: 98ABCFE1",
    "is_read": true,
    "archived": false,
    "created_at": "2025-10-21T04:00:45.339Z",
    "patient": 7
  }
},
{
  "model": "appointments.notification",
  "pk": 59,
  "fields": {
    "type": "cancellation",
    "appointment_id": 20,
    "title": "Cancellation Request",
    "message": "Patient kenai seva seyer has requested to cancel their appointment for Arms Cavitation on 2025-10-22 at 11:00:00. Reason: qewewq",
    "is_read": true,
    "archived": false,
    "created_at": "2025-10-21T04:00:53.478Z",
    "patient": null
  }
},
{
  "model": "appointments.notification",
  "pk": 60,
  "fields": {
    "type": "cancellation",
    "appointment_id": 20,
    "title": "Cancellation Request Rejected",
    "message": "Your cancellation request for Arms Cavitation on 2025-10-22 at 11:00:00 has been rejected. Please contact us for more information.",
    "is_read": true,
    "archived": false,
    "created_at": "2025-10-21T04:01:02.388Z",
    "patient": 7
  }
},
{
  "model": "appointments.notification",
  "pk": 61,
  "fields": {
    "type": "cancellation",
    "appointment_id": 20,
    "title": "Appointment Cancelled",
    "message": "Your appointment for Arms Cavitation on 2025-10-22 at 11:00:00 has been cancelled. Please contact us to reschedule.",
    "is_read": true,
    "archived": false,
    "created_at": "2025-10-21T04:01:49.152Z",
    "patient": 7
  }
},
{
  "model": "appointments.notification",
  "pk": 62,
  "fields": {
    "type": "appointment",
    "appointment_id": 21,
    "title": "Appointment Booked",
    "message": "Your Diamond Peel appointment has been booked for 2025-10-22 at 10:00. Transaction ID: 20118A4A",
    "is_read": true,
    "archived": false,
    "created_at": "2025-10-21T05:21:43.696Z",
    "patient": 10
  }
},
{
  "model": "appointments.notification",
  "pk": 63,
  "fields": {
    "type": "confirmation",
    "appointment_id": 21,
    "title": "Appointment Confirmed",
    "message": "Your appointment for Diamond Peel on 2025-10-22 at 10:00:00 has been confirmed.",
    "is_read": true,
    "archived": false,
    "created_at": "2025-10-21T05:22:15.853Z",
    "patient": 10
  }
},
{
  "model": "appointments.notification",
  "pk": 64,
  "fields": {
    "type": "appointment",
    "appointment_id": 21,
    "title": "Appointment Completed",
    "message": "Your appointment for Diamond Peel on 2025-10-22 has been completed. Thank you for choosing Skinovation Beauty Clinic!",
    "is_read": true,
    "archived": false,
    "created_at": "2025-10-21T05:22:18.539Z",
    "patient": 10
  }
},
{
  "model": "appointments.notification",
  "pk": 65,
  "fields": {
    "type": "appointment",
    "appointment_id": 22,
    "title": "Appointment Booked",
    "message": "Your Tattoo Removal appointment has been booked for 2025-10-24 at 10:00. Transaction ID: 64A04F06",
    "is_read": true,
    "archived": false,
    "created_at": "2025-10-21T05:23:54.522Z",
    "patient": 11
  }
},
{
  "model": "appointments.notification",
  "pk": 66,
  "fields": {
    "type": "confirmation",
    "appointment_id": 22,
    "title": "Appointment Confirmed",
    "message": "Your appointment for Tattoo Removal on 2025-10-24 at 10:00:00 has been confirmed.",
    "is_read": true,
    "archived": false,
    "created_at": "2025-10-21T05:24:21.447Z",
    "patient": 11
  }
},
{
  "model": "appointments.notification",
  "pk": 67,
  "fields": {
    "type": "appointment",
    "appointment_id": 22,
    "title": "Appointment Completed",
    "message": "Your appointment for Tattoo Removal on 2025-10-24 has been completed. Thank you for choosing Skinovation Beauty Clinic!",
    "is_read": true,
    "archived": false,
    "created_at": "2025-10-21T05:24:22.449Z",
    "patient": 11
  }
},
{
  "model": "appointments.notification",
  "pk": 71,
  "fields": {
    "type": "appointment",
    "appointment_id": 24,
    "title": "Product Pre-Ordered",
    "message": "Your Derm Options Yellow Soap (Anti-Acne) has been pre-ordered for pickup on 2025-10-30 at 10:00",
    "is_read": true,
    "archived": false,
    "created_at": "2025-10-26T13:54:32.733Z",
    "patient": 13
  }
},
{
  "model": "appointments.notification",
  "pk": 72,
  "fields": {
    "type": "confirmation",
    "appointment_id": 24,
    "title": "Appointment Confirmed",
    "message": "Your appointment for Derm Options Yellow Soap (Anti-Acne) on 2025-10-30 at 10:00:00 has been confirmed.",
    "is_read": true,
    "archived": false,
    "created_at": "2025-10-26T13:54:48.092Z",
    "patient": 13
  }
},
{
  "model": "appointments.notification",
  "pk": 73,
  "fields": {
    "type": "appointment",
    "appointment_id": 24,
    "title": "Appointment Completed",
    "message": "Your appointment for Derm Options Yellow Soap (Anti-Acne) on 2025-10-30 has been completed. Thank you for choosing Skinovation Beauty Clinic!",
    "is_read": true,
    "archived": false,
    "created_at": "2025-10-26T13:54:53.285Z",
    "patient": 13
  }
},
{
  "model": "appointments.notification",
  "pk": 74,
  "fields": {
    "type": "appointment",
    "appointment_id": 25,
    "title": "Product Pre-Ordered",
    "message": "Your Derm Options Kojic Soap has been pre-ordered for pickup on 2025-10-30 at 11:00",
    "is_read": true,
    "archived": false,
    "created_at": "2025-10-28T16:25:31.970Z",
    "patient": 7
  }
},
{
  "model": "appointments.notification",
  "pk": 75,
  "fields": {
    "type": "confirmation",
    "appointment_id": 25,
    "title": "Appointment Confirmed",
    "message": "Your appointment for Derm Options Kojic Soap on 2025-10-30 at 11:00:00 has been confirmed.",
    "is_read": true,
    "archived": false,
    "created_at": "2025-11-08T23:52:06.617Z",
    "patient": 7
  }
},
{
  "model": "appointments.notification",
  "pk": 76,
  "fields": {
    "type": "appointment",
    "appointment_id": 26,
    "title": "Appointment Booked",
    "message": "Your Anti-Acne Treatment appointment has been booked for 2025-11-10 at 10:00. Transaction ID: 28F4C803",
    "is_read": true,
    "archived": false,
    "created_at": "2025-11-09T00:39:47.970Z",
    "patient": 15
  }
},
{
  "model": "appointments.notification",
  "pk": 77,
  "fields": {
    "type": "cancellation",
    "appointment_id": 26,
    "title": "Cancellation Request",
    "message": "Patient Maria  Santos has requested to cancel their appointment for Anti-Acne Treatment on 2025-11-10 at 10:00:00. Reason: Test cancellation reason",
    "is_read": true,
    "archived": false,
    "created_at": "2025-11-09T00:49:25.168Z",
    "patient": null
  }
},
{
  "model": "appointments.notification",
  "pk": 78,
  "fields": {
    "type": "cancellation",
    "appointment_id": 26,
    "title": "Cancellation Approved",
    "message": "Your cancellation request for Anti-Acne Treatment on 2025-11-10 at 10:00:00 has been approved.",
    "is_read": true,
    "archived": false,
    "created_at": "2025-11-09T03:05:42.975Z",
    "patient": 15
  }
},
{
  "model": "appointments.notification",
  "pk": 79,
  "fields": {
    "type": "appointment",
    "appointment_id": 27,
    "title": "Appointment Booked",
    "message": "Your Butt Whitening appointment has been booked for 2025-11-27 at 13:00. Transaction ID: 7DC7CAC5",
    "is_read": true,
    "archived": false,
    "created_at": "2025-11-12T04:01:05.638Z",
    "patient": 23
  }
},
{
  "model": "appointments.notification",
  "pk": 80,
  "fields": {
    "type": "appointment",
    "appointment_id": 29,
    "title": "Appointment Booked",
    "message": "Your Casmara appointment has been booked for 2025-11-14 at 10:00. Transaction ID: 0CDC646B",
    "is_read": true,
    "archived": false,
    "created_at": "2025-11-13T15:37:32.873Z",
    "patient": 24
  }
},
{
  "model": "appointments.notification",
  "pk": 81,
  "fields": {
    "type": "reschedule",
    "appointment_id": 28,
    "title": "Reschedule Request",
    "message": "Patient Ken  Reyes has requested to reschedule their appointment for Casmara from 2025-11-14 at 10:00:00 to 2025-11-15 at 13:40. Reason: ",
    "is_read": false,
    "archived": false,
    "created_at": "2025-11-13T15:38:17.357Z",
    "patient": null
  }
},
{
  "model": "appointments.notification",
  "pk": 82,
  "fields": {
    "type": "appointment",
    "appointment_id": 25,
    "title": "Appointment Completed",
    "message": "Your appointment for Derm Options Kojic Soap on 2025-10-30 has been completed. Thank you for choosing Skinovation Beauty Clinic!",
    "is_read": true,
    "archived": false,
    "created_at": "2025-11-13T15:39:01.709Z",
    "patient": 7
  }
},
{
  "model": "appointments.notification",
  "pk": 83,
  "fields": {
    "type": "confirmation",
    "appointment_id": 28,
    "title": "Appointment Confirmed",
    "message": "Your appointment for Casmara on 2025-11-14 at 10:00:00 has been confirmed.",
    "is_read": true,
    "archived": false,
    "created_at": "2025-11-13T15:39:12.733Z",
    "patient": 24
  }
},
{
  "model": "appointments.notification",
  "pk": 84,
  "fields": {
    "type": "appointment",
    "appointment_id": 28,
    "title": "Appointment Completed",
    "message": "Your appointment for Casmara on 2025-11-14 has been completed. Thank you for choosing Skinovation Beauty Clinic!",
    "is_read": true,
    "archived": false,
    "created_at": "2025-11-13T15:39:16.347Z",
    "patient": 24
  }
},
{
  "model": "appointments.notification",
  "pk": 85,
  "fields": {
    "type": "system",
    "appointment_id": null,
    "title": "Edited: Service - Anti-Acne Treatment",
    "message": "Clinic Owner edited service \"Anti-Acne Treatment\". Updated: Anti-Acne Treatment -> Anti-Acne Treatment",
    "is_read": false,
    "archived": false,
    "created_at": "2025-11-16T02:43:08.409Z",
    "patient": null
  }
},
{
  "model": "appointments.notification",
  "pk": 86,
  "fields": {
    "type": "system",
    "appointment_id": null,
    "title": "Edited: Service - Anti-Acne Treatment",
    "message": "Clinic Owner edited service \"Anti-Acne Treatment\". Updated: Anti-Acne Treatment -> Anti-Acne Treatment",
    "is_read": false,
    "archived": false,
    "created_at": "2025-11-16T02:43:08.423Z",
    "patient": null
  }
},
{
  "model": "appointments.notification",
  "pk": 87,
  "fields": {
    "type": "system",
    "appointment_id": null,
    "title": "Edited: Service - Anti-Acne Treatment",
    "message": "Clinic Owner edited service \"Anti-Acne Treatment\". Updated: Anti-Acne Treatment -> Anti-Acne Treatment",
    "is_read": false,
    "archived": false,
    "created_at": "2025-11-16T02:43:30.680Z",
    "patient": null
  }
},
{
  "model": "appointments.notification",
  "pk": 88,
  "fields": {
    "type": "system",
    "appointment_id": null,
    "title": "Edited: Service - Anti-Acne Treatment",
    "message": "Clinic Owner edited service \"Anti-Acne Treatment\". Updated: Anti-Acne Treatment -> Anti-Acne Treatment",
    "is_read": false,
    "archived": false,
    "created_at": "2025-11-16T02:43:30.694Z",
    "patient": null
  }
},
{
  "model": "appointments.notification",
  "pk": 89,
  "fields": {
    "type": "system",
    "appointment_id": null,
    "title": "Edited: Package - 3 + 1 Back Whitening",
    "message": "Clinic Owner edited package \"3 + 1 Back Whitening\". Updated: 3 + 1 Back Whitening -> 3 + 1 Back Whitening",
    "is_read": false,
    "archived": false,
    "created_at": "2025-11-16T02:43:37.944Z",
    "patient": null
  }
},
{
  "model": "appointments.notification",
  "pk": 90,
  "fields": {
    "type": "system",
    "appointment_id": null,
    "title": "Edited: Package - 3 + 1 Back Whitening",
    "message": "Clinic Owner edited package \"3 + 1 Back Whitening\". Updated: 3 + 1 Back Whitening -> 3 + 1 Back Whitening",
    "is_read": false,
    "archived": false,
    "created_at": "2025-11-16T02:43:37.965Z",
    "patient": null
  }
},
{
  "model": "appointments.notification",
  "pk": 91,
  "fields": {
    "type": "system",
    "appointment_id": null,
    "title": "Edited: Product - Derm Options Kojic Soap",
    "message": "Clinic Owner edited product \"Derm Options Kojic Soap\". Updated: Derm Options Kojic Soap -> Derm Options Kojic Soap",
    "is_read": false,
    "archived": false,
    "created_at": "2025-11-16T02:43:47.070Z",
    "patient": null
  }
},
{
  "model": "appointments.notification",
  "pk": 92,
  "fields": {
    "type": "system",
    "appointment_id": null,
    "title": "Edited: Product - Derm Options Kojic Soap",
    "message": "Clinic Owner edited product \"Derm Options Kojic Soap\". Updated: Derm Options Kojic Soap -> Derm Options Kojic Soap",
    "is_read": false,
    "archived": false,
    "created_at": "2025-11-16T02:43:47.083Z",
    "patient": null
  }
},
{
  "model": "appointments.notification",
  "pk": 93,
  "fields": {
    "type": "appointment",
    "appointment_id": 30,
    "title": "Appointment Confirmed",
    "message": "Your Back Whitening appointment has been confirmed for 2025-11-20 at 14:00. Transaction ID: 415B897B",
    "is_read": true,
    "archived": false,
    "created_at": "2025-11-16T03:16:02.713Z",
    "patient": 11
  }
},
{
  "model": "appointments.notification",
  "pk": 94,
  "fields": {
    "type": "appointment",
    "appointment_id": 30,
    "title": "New Appointment Booked",
    "message": "New appointment booked: ken reyes - Back Whitening on 2025-11-20 at 14:00. Status: confirmed.",
    "is_read": true,
    "archived": false,
    "created_at": "2025-11-16T03:16:02.727Z",
    "patient": null
  }
},
{
  "model": "appointments.notification",
  "pk": 95,
  "fields": {
    "type": "appointment",
    "appointment_id": 30,
    "title": "New Appointment Booked",
    "message": "New appointment booked: ken reyes - Back Whitening on 2025-11-20 at 14:00. Status: confirmed.",
    "is_read": true,
    "archived": false,
    "created_at": "2025-11-16T03:16:02.741Z",
    "patient": null
  }
},
{
  "model": "appointments.notification",
  "pk": 96,
  "fields": {
    "type": "appointment",
    "appointment_id": 30,
    "title": "New Appointment Assigned",
    "message": "You have been assigned a new appointment: ken reyes - Back Whitening on 2025-11-20 at 14:00.",
    "is_read": true,
    "archived": false,
    "created_at": "2025-11-16T03:16:23.198Z",
    "patient": 18
  }
},
{
  "model": "appointments.notification",
  "pk": 97,
  "fields": {
    "type": "appointment",
    "appointment_id": 30,
    "title": "Appointment Completed - Please Leave Feedback",
    "message": "Your appointment for Back Whitening on 2025-11-20 has been completed. Please leave your feedback to help us improve our services!",
    "is_read": true,
    "archived": false,
    "created_at": "2025-11-16T03:28:30.771Z",
    "patient": 11
  }
},
{
  "model": "appointments.notification",
  "pk": 98,
  "fields": {
    "type": "appointment",
    "appointment_id": 31,
    "title": "Appointment Confirmed",
    "message": "Your Carbon Doll Laser appointment has been confirmed for 2025-11-21 at 14:00. Transaction ID: 29E67204",
    "is_read": true,
    "archived": false,
    "created_at": "2025-11-16T03:40:44.543Z",
    "patient": 11
  }
},
{
  "model": "appointments.notification",
  "pk": 99,
  "fields": {
    "type": "appointment",
    "appointment_id": 31,
    "title": "New Appointment Booked",
    "message": "New appointment booked: ken reyes - Carbon Doll Laser on 2025-11-21 at 14:00. Status: confirmed.",
    "is_read": true,
    "archived": false,
    "created_at": "2025-11-16T03:40:44.557Z",
    "patient": null
  }
},
{
  "model": "appointments.notification",
  "pk": 100,
  "fields": {
    "type": "appointment",
    "appointment_id": 31,
    "title": "New Appointment Booked",
    "message": "New appointment booked: ken reyes - Carbon Doll Laser on 2025-11-21 at 14:00. Status: confirmed.",
    "is_read": true,
    "archived": false,
    "created_at": "2025-11-16T03:40:44.572Z",
    "patient": null
  }
},
{
  "model": "appointments.notification",
  "pk": 101,
  "fields": {
    "type": "appointment",
    "appointment_id": 31,
    "title": "New Appointment Assigned",
    "message": "You have been assigned a new appointment: ken reyes - Carbon Doll Laser on 2025-11-21 at 14:00.",
    "is_read": true,
    "archived": false,
    "created_at": "2025-11-16T03:40:45.638Z",
    "patient": 9
  }
},
{
  "model": "appointments.notification",
  "pk": 102,
  "fields": {
    "type": "appointment",
    "appointment_id": 31,
    "title": "Appointment Completed - Please Leave Feedback",
    "message": "Your appointment for Carbon Doll Laser on 2025-11-21 has been completed. Please leave your feedback to help us improve our services!",
    "is_read": true,
    "archived": false,
    "created_at": "2025-11-16T03:41:13.746Z",
    "patient": 11
  }
},
{
  "model": "appointments.notification",
  "pk": 103,
  "fields": {
    "type": "appointment",
    "appointment_id": 32,
    "title": "Product Pre-Ordered",
    "message": "Your Derm Options Kojic Soap has been pre-ordered for pickup on 2025-11-20 at 14:00. Transaction ID: 25B48A63",
    "is_read": true,
    "archived": false,
    "created_at": "2025-11-16T12:40:50.980Z",
    "patient": 11
  }
},
{
  "model": "appointments.notification",
  "pk": 104,
  "fields": {
    "type": "appointment",
    "appointment_id": 32,
    "title": "Product Pre-Order",
    "message": "Product pre-order: ken reyes - Derm Options Kojic Soap on 2025-11-20 at 14:00. Status: confirmed.",
    "is_read": true,
    "archived": false,
    "created_at": "2025-11-16T12:40:50.996Z",
    "patient": null
  }
},
{
  "model": "appointments.notification",
  "pk": 105,
  "fields": {
    "type": "appointment",
    "appointment_id": 32,
    "title": "Product Pre-Order",
    "message": "Product pre-order: ken reyes - Derm Options Kojic Soap on 2025-11-20 at 14:00. Status: confirmed.",
    "is_read": true,
    "archived": false,
    "created_at": "2025-11-16T12:40:51.010Z",
    "patient": null
  }
},
{
  "model": "appointments.notification",
  "pk": 106,
  "fields": {
    "type": "reschedule",
    "appointment_id": 32,
    "title": "Reschedule Request",
    "message": "Patient ken  reyes has requested to reschedule their appointment for Derm Options Kojic Soap from 2025-11-20 at 14:00:00 to 2025-11-22 at 11:00. Reason: ",
    "is_read": false,
    "archived": false,
    "created_at": "2025-11-16T12:56:24.767Z",
    "patient": null
  }
},
{
  "model": "appointments.notification",
  "pk": 107,
  "fields": {
    "type": "reschedule",
    "appointment_id": 32,
    "title": "Reschedule Request",
    "message": "Patient ken  reyes has requested to reschedule their appointment for Derm Options Kojic Soap from 2025-11-20 at 14:00:00 to 2025-11-22 at 11:00.",
    "is_read": false,
    "archived": false,
    "created_at": "2025-11-16T12:56:24.782Z",
    "patient": null
  }
},
{
  "model": "appointments.notification",
  "pk": 108,
  "fields": {
    "type": "reschedule",
    "appointment_id": 32,
    "title": "Reschedule Request",
    "message": "Patient ken  reyes has requested to reschedule their appointment for Derm Options Kojic Soap from 2025-11-20 at 14:00:00 to 2025-11-22 at 11:00.",
    "is_read": false,
    "archived": false,
    "created_at": "2025-11-16T12:56:24.795Z",
    "patient": null
  }
},
{
  "model": "appointments.notification",
  "pk": 109,
  "fields": {
    "type": "reschedule",
    "appointment_id": 32,
    "title": "Reschedule Request Approved",
    "message": "Your reschedule request for Derm Options Kojic Soap has been approved. New date and time: 2025-11-22 at 11:00:00.",
    "is_read": true,
    "archived": false,
    "created_at": "2025-11-16T13:01:58.628Z",
    "patient": 11
  }
},
{
  "model": "appointments.notification",
  "pk": 110,
  "fields": {
    "type": "reschedule",
    "appointment_id": 28,
    "title": "Reschedule Request Rejected",
    "message": "Your reschedule request for Casmara on 2025-11-14 at 10:00:00 has been rejected. Please contact us for more information.",
    "is_read": false,
    "archived": false,
    "created_at": "2025-11-16T13:02:09.132Z",
    "patient": 24
  }
},
{
  "model": "appointments.notification",
  "pk": 111,
  "fields": {
    "type": "appointment",
    "appointment_id": 32,
    "title": "Appointment Completed - Please Leave Feedback",
    "message": "Your appointment for Derm Options Kojic Soap on 2025-11-22 has been completed. Please leave your feedback to help us improve our services!",
    "is_read": true,
    "archived": false,
    "created_at": "2025-11-16T13:05:18.133Z",
    "patient": 11
  }
},
{
  "model": "appointments.notification",
  "pk": 112,
  "fields": {
    "type": "confirmation",
    "appointment_id": 27,
    "title": "Appointment Confirmed",
    "message": "Your appointment for Butt Whitening on 2025-11-27 at 13:00:00 has been confirmed by your attendant.",
    "is_read": true,
    "archived": false,
    "created_at": "2025-11-16T13:05:27.879Z",
    "patient": 23
  }
},
{
  "model": "appointments.notification",
  "pk": 113,
  "fields": {
    "type": "appointment",
    "appointment_id": 27,
    "title": "Appointment Completed - Please Leave Feedback",
    "message": "Your appointment for Butt Whitening on 2025-11-27 has been completed. Please leave your feedback to help us improve our services!",
    "is_read": true,
    "archived": false,
    "created_at": "2025-11-16T13:05:29.766Z",
    "patient": 23
  }
},
{
  "model": "appointments.notification",
  "pk": 114,
  "fields": {
    "type": "appointment",
    "appointment_id": 33,
    "title": "Appointment Confirmed",
    "message": "Your Arms Cavitation appointment has been confirmed for 2025-11-27 at 13:00. Transaction ID: 57EEBC8D",
    "is_read": true,
    "archived": false,
    "created_at": "2025-11-19T16:52:14.865Z",
    "patient": 11
  }
},
{
  "model": "appointments.notification",
  "pk": 115,
  "fields": {
    "type": "appointment",
    "appointment_id": 33,
    "title": "New Appointment Booked",
    "message": "New appointment booked: ken reyes - Arms Cavitation on 2025-11-27 at 13:00. Status: confirmed.",
    "is_read": true,
    "archived": false,
    "created_at": "2025-11-19T16:52:14.884Z",
    "patient": null
  }
},
{
  "model": "appointments.notification",
  "pk": 116,
  "fields": {
    "type": "appointment",
    "appointment_id": 33,
    "title": "New Appointment Booked",
    "message": "New appointment booked: ken reyes - Arms Cavitation on 2025-11-27 at 13:00. Status: confirmed.",
    "is_read": true,
    "archived": false,
    "created_at": "2025-11-19T16:52:14.898Z",
    "patient": null
  }
},
{
  "model": "appointments.notification",
  "pk": 117,
  "fields": {
    "type": "appointment",
    "appointment_id": 33,
    "title": "New Appointment Assigned",
    "message": "You have been assigned a new appointment: ken reyes - Arms Cavitation on 2025-11-27 at 13:00.",
    "is_read": true,
    "archived": false,
    "created_at": "2025-11-19T16:52:15.873Z",
    "patient": 18
  }
},
{
  "model": "appointments.notification",
  "pk": 118,
  "fields": {
    "type": "appointment",
    "appointment_id": 33,
    "title": "Appointment Completed - Please Leave Feedback",
    "message": "Your appointment for Arms Cavitation on 2025-11-27 has been completed. Please leave your feedback to help us improve our services!",
    "is_read": true,
    "archived": false,
    "created_at": "2025-11-19T16:53:55.239Z",
    "patient": 11
  }
},
{
  "model": "appointments.closedday",
  "pk": 3,
  "fields": {
    "date": "2025-12-25",
    "reason": "Christmas Day",
    "created_at": "2025-11-15T09:58:48.630Z"
  }
},
{
  "model": "appointments.smstemplate",
  "pk": 1,
  "fields": {
    "name": "Default Confirmation",
    "template_type": "confirmation",
    "subject": "",
    "message": "Hi {patient_name}!\n\nYour appointment has been confirmed:\nDate: {appointment_date}\nTime: {appointment_time}\nService: {service_name}\nLocation: {clinic_name}\n\nPlease arrive 15 minutes early.\nThank you for choosing us!\n\n- {clinic_name} Team",
    "is_active": true,
    "created_at": "2025-10-26T14:41:24.948Z",
    "updated_at": "2025-10-26T14:41:24.948Z",
    "created_by": 1
  }
},
{
  "model": "appointments.smstemplate",
  "pk": 2,
  "fields": {
    "name": "Default Reminder",
    "template_type": "reminder",
    "subject": "",
    "message": "Hi {patient_name}!\n\nReminder: You have an appointment tomorrow:\nDate: {appointment_date}\nTime: {appointment_time}\nService: {service_name}\n\nPlease arrive 15 minutes early.\nSee you soon!\n\n- {clinic_name} Team",
    "is_active": true,
    "created_at": "2025-10-26T14:41:24.967Z",
    "updated_at": "2025-10-26T14:41:24.967Z",
    "created_by": 1
  }
},
{
  "model": "appointments.smstemplate",
  "pk": 3,
  "fields": {
    "name": "Default Cancellation",
    "template_type": "cancellation",
    "subject": "",
    "message": "Hi {patient_name}!\n\nYour appointment has been cancelled:\nDate: {appointment_date}\nTime: {appointment_time}\nService: {service_name}\n\n{cancellation_reason}\n\nPlease contact us to reschedule.\nThank you for your understanding.\n\n- {clinic_name} Team",
    "is_active": true,
    "created_at": "2025-10-26T14:41:24.986Z",
    "updated_at": "2025-10-26T14:41:24.986Z",
    "created_by": 1
  }
},
{
  "model": "appointments.smstemplate",
  "pk": 4,
  "fields": {
    "name": "Default Package Confirmation",
    "template_type": "package_confirmation",
    "subject": "",
    "message": "Hi {patient_name}!\n\nYour package has been booked successfully:\nPackage: {package_name}\nPrice: {package_price}\nSessions: {package_sessions}\nDuration: {package_duration}\n\nYour package is now active. Book your sessions anytime!\nThank you for choosing us!\n\n- {clinic_name} Team",
    "is_active": true,
    "created_at": "2025-10-26T14:41:25.005Z",
    "updated_at": "2025-10-26T14:41:25.005Z",
    "created_by": 1
  }
},
{
  "model": "appointments.smshistory",
  "pk": 1,
  "fields": {
    "sender": 1,
    "phone_number": "09075938904",
    "message": "Hi ke  seyer! This is a test message from Beauty Clinic.",
    "template_used": null,
    "status": "sent",
    "message_id": null,
    "api_response": {
      "success": true,
      "data": {
        "status": 200,
        "message": "Your SMS message has been successfully added to the queue and will be processed shortly.",
        "message_id": "iSms-H8JXMR"
      },
      "message": "Your SMS message has been successfully added to the queue and will be processed shortly."
    },
    "sent_at": "2025-10-26T14:06:19.425Z"
  }
},
{
  "model": "appointments.smshistory",
  "pk": 2,
  "fields": {
    "sender": 1,
    "phone_number": "09925663102",
    "message": "Hi kenai seva seyer! This is a test message from Beauty Clinic.",
    "template_used": null,
    "status": "sent",
    "message_id": null,
    "api_response": {
      "success": true,
      "data": {
        "status": 200,
        "message": "Your SMS message has been successfully added to the queue and will be processed shortly.",
        "message_id": "iSms-CXCc0b"
      },
      "message": "Your SMS message has been successfully added to the queue and will be processed shortly."
    },
    "sent_at": "2025-10-26T14:08:55.228Z"
  }
},
{
  "model": "appointments.smshistory",
  "pk": 3,
  "fields": {
    "sender": 1,
    "phone_number": "09925663102",
    "message": "Hi Kenai\n\nYour appointment has been confirmed:\nDate: December 25, 2024\nTime: 2:00 PM\nService: Facial Treatment\nLocation: Beauty Clinic\n\nPlease arrive 15 minutes early.\nThank you for choosing us!\n\n- Beauty Clinic Team",
    "template_used": null,
    "status": "sent",
    "message_id": null,
    "api_response": {
      "success": true,
      "data": {
        "status": 200,
        "message": "Your SMS message has been successfully added to the queue and will be processed shortly.",
        "message_id": "iSms-XjzF2A"
      },
      "message": "Your SMS message has been successfully added to the queue and will be processed shortly."
    },
    "sent_at": "2025-10-26T15:04:11.207Z"
  }
},
{
  "model": "appointments.smshistory",
  "pk": 4,
  "fields": {
    "sender": 1,
    "phone_number": "09925663102",
    "message": "Hi Test Patient!\n\nYour appointment has been confirmed:\nDate: December 25, 2024\nTime: 2:00 PM\nService: Test Service\nLocation: Beauty Clinic\n\nPlease arrive 15 minutes early.\nThank you for choosing us!\n\n- Beauty Clinic Team",
    "template_used": null,
    "status": "sent",
    "message_id": null,
    "api_response": {
      "success": true,
      "data": {
        "status": 200,
        "message": "Your SMS message has been successfully added to the queue and will be processed shortly.",
        "message_id": "iSms-Oru7aY"
      },
      "message": "Your SMS message has been successfully added to the queue and will be processed shortly."
    },
    "sent_at": "2025-10-26T15:05:15.004Z"
  }
},
{
  "model": "appointments.smshistory",
  "pk": 5,
  "fields": {
    "sender": 1,
    "phone_number": "09925663102",
    "message": "Hello [Kenai]! Your appointment is confirmed for [DATE] at [TIME]. Service: [SERVICE]. Please arrive 10 minutes early. See you soon! - Beauty Clinic",
    "template_used": null,
    "status": "sent",
    "message_id": null,
    "api_response": {
      "success": true,
      "data": {
        "status": 200,
        "message": "Your SMS message has been successfully added to the queue and will be processed shortly.",
        "message_id": "iSms-B1n61I"
      },
      "message": "Your SMS message has been successfully added to the queue and will be processed shortly."
    },
    "sent_at": "2025-10-27T06:22:51.736Z"
  }
},
{
  "model": "appointments.smshistory",
  "pk": 6,
  "fields": {
    "sender": 1,
    "phone_number": "09925663102",
    "message": "Hi kenai seva seyer! This is a test message from Beauty Clinic.",
    "template_used": null,
    "status": "sent",
    "message_id": null,
    "api_response": {
      "success": true,
      "data": {
        "status": 200,
        "message": "Your SMS message has been successfully added to the queue and will be processed shortly.",
        "message_id": "iSms-b6GsBz"
      },
      "message": "Your SMS message has been successfully added to the queue and will be processed shortly."
    },
    "sent_at": "2025-10-27T06:24:38.007Z"
  }
},
{
  "model": "appointments.smshistory",
  "pk": 7,
  "fields": {
    "sender": 1,
    "phone_number": "09925663102",
    "message": "Hello [PATIENT_NAME]! Your appointment is confirmed for [DATE] at [TIME]. Service: [SERVICE]. Please arrive 10 minutes early. See you soon! - Beauty Clinic",
    "template_used": null,
    "status": "sent",
    "message_id": null,
    "api_response": {
      "success": true,
      "data": {
        "status": 200,
        "message": "Your SMS message has been successfully added to the queue and will be processed shortly.",
        "message_id": "iSms-JIAbLP"
      },
      "message": "Your SMS message has been successfully added to the queue and will be processed shortly."
    },
    "sent_at": "2025-10-28T16:31:53.231Z"
  }
},
{
  "model": "appointments.historylog",
  "pk": 1,
  "fields": {
    "action_type": "book",
    "item_type": "appointment",
    "item_id": 33,
    "item_name": "Arms Cavitation - ken reyes",
    "performed_by": 11,
    "timestamp": "2025-11-19T16:52:14.849Z",
    "details": {
      "appointment_id": 33,
      "patient": "ken reyes",
      "service": "Arms Cavitation",
      "attendant": "Nicole Pendon",
      "date": "2025-11-27",
      "time": "13:00",
      "status": "confirmed",
      "transaction_id": "57EEBC8D"
    }
  }
},
{
  "model": "products.product",
  "pk": 1,
  "fields": {
    "product_name": "Derm Options Yellow Soap (Anti-Acne)",
    "description": "Anti-Acne Soap",
    "price": "140.00",
    "stock": 100,
    "product_image": "",
    "archived": false,
    "created_at": "2025-09-19T03:55:45.326Z",
    "updated_at": "2025-09-20T02:59:42.636Z"
  }
},
{
  "model": "products.product",
  "pk": 2,
  "fields": {
    "product_name": "Sunscreen Cream",
    "description": "Apply to help skin fight UV rays.",
    "price": "225.00",
    "stock": 100,
    "product_image": "",
    "archived": false,
    "created_at": "2025-09-19T03:55:45.337Z",
    "updated_at": "2025-09-20T02:59:42.663Z"
  }
},
{
  "model": "products.product",
  "pk": 3,
  "fields": {
    "product_name": "Lightening Cream",
    "description": "For night use.",
    "price": "230.00",
    "stock": 100,
    "product_image": "",
    "archived": false,
    "created_at": "2025-09-19T03:55:45.350Z",
    "updated_at": "2025-09-20T02:59:42.650Z"
  }
},
{
  "model": "products.product",
  "pk": 4,
  "fields": {
    "product_name": "Derm Options Kojic Soap",
    "description": "Soap to whiten skin effectively",
    "price": "185.00",
    "stock": 100,
    "product_image": "assets/img/product_68295289ea2f16.96311967.jpg",
    "archived": false,
    "created_at": "2025-09-19T04:35:38.125Z",
    "updated_at": "2025-11-16T12:40:50.962Z"
  }
},
{
  "model": "products.product",
  "pk": 6,
  "fields": {
    "product_name": "Derm Options Pore Minimizer (Toner)",
    "description": "AB Astringent",
    "price": "380.00",
    "stock": 10,
    "product_image": "",
    "archived": false,
    "created_at": "2025-09-20T02:59:26.258Z",
    "updated_at": "2025-11-15T10:06:13.749Z"
  }
},
{
  "model": "products.productimage",
  "pk": 1,
  "fields": {
    "product": 4,
    "image": "products/images/kojic_soap.jpg",
    "alt_text": "",
    "is_primary": false,
    "created_at": "2025-10-26T12:58:27.293Z"
  }
},
{
  "model": "products.productimage",
  "pk": 2,
  "fields": {
    "product": 6,
    "image": "products/images/toner.jpg",
    "alt_text": "",
    "is_primary": false,
    "created_at": "2025-10-26T12:58:33.628Z"
  }
},
{
  "model": "products.productimage",
  "pk": 3,
  "fields": {
    "product": 1,
    "image": "products/images/yellow_soap.jpg",
    "alt_text": "",
    "is_primary": false,
    "created_at": "2025-10-26T12:58:41.488Z"
  }
},
{
  "model": "products.productimage",
  "pk": 4,
  "fields": {
    "product": 3,
    "image": "products/images/lightening_cream.jpg",
    "alt_text": "",
    "is_primary": false,
    "created_at": "2025-10-26T12:58:48.325Z"
  }
},
{
  "model": "products.productimage",
  "pk": 5,
  "fields": {
    "product": 2,
    "image": "products/images/sunscreen.jpg",
    "alt_text": "",
    "is_primary": false,
    "created_at": "2025-10-26T12:58:53.507Z"
  }
},
{
  "model": "packages.package",
  "pk": 1,
  "fields": {
    "package_name": "3 + 1 Underarm Whitening",
    "description": "N/A",
    "price": "1847.00",
    "sessions": 4,
    "duration_days": 0,
    "grace_period_days": 0,
    "archived": false,
    "created_at": "2025-09-19T03:55:45.364Z",
    "updated_at": "2025-09-20T03:00:39.181Z"
  }
},
{
  "model": "packages.package",
  "pk": 2,
  "fields": {
    "package_name": "3 + 1 Diamond Peel",
    "description": "Get 4 sessions for the price of 3",
    "price": "1697.00",
    "sessions": 4,
    "duration_days": 90,
    "grace_period_days": 180,
    "archived": false,
    "created_at": "2025-09-19T03:55:45.377Z",
    "updated_at": "2025-09-19T03:55:45.377Z"
  }
},
{
  "model": "packages.package",
  "pk": 3,
  "fields": {
    "package_name": "3 + 1 Bikini Whitening",
    "description": "N/A",
    "price": "1847.00",
    "sessions": 4,
    "duration_days": 0,
    "grace_period_days": 0,
    "archived": false,
    "created_at": "2025-09-19T04:35:38.151Z",
    "updated_at": "2025-09-20T03:00:39.207Z"
  }
},
{
  "model": "packages.package",
  "pk": 4,
  "fields": {
    "package_name": "3 + 1 Butt Whitening",
    "description": "",
    "price": "1847.00",
    "sessions": 4,
    "duration_days": 120,
    "grace_period_days": 180,
    "archived": false,
    "created_at": "2025-09-19T04:35:38.164Z",
    "updated_at": "2025-09-19T04:35:38.164Z"
  }
},
{
  "model": "packages.package",
  "pk": 5,
  "fields": {
    "package_name": "3 + 1 Carbon Doll Laser",
    "description": "",
    "price": "3197.00",
    "sessions": 4,
    "duration_days": 120,
    "grace_period_days": 240,
    "archived": false,
    "created_at": "2025-09-19T04:35:38.178Z",
    "updated_at": "2025-09-19T04:35:38.178Z"
  }
},
{
  "model": "packages.package",
  "pk": 6,
  "fields": {
    "package_name": "3 + 1 Casmara Facial",
    "description": "",
    "price": "3200.00",
    "sessions": 4,
    "duration_days": 120,
    "grace_period_days": 180,
    "archived": false,
    "created_at": "2025-09-19T04:35:38.190Z",
    "updated_at": "2025-09-19T04:35:38.190Z"
  }
},
{
  "model": "packages.package",
  "pk": 7,
  "fields": {
    "package_name": "3 + 1 Face Cavitation",
    "description": "",
    "price": "1397.00",
    "sessions": 4,
    "duration_days": 120,
    "grace_period_days": 180,
    "archived": false,
    "created_at": "2025-09-19T04:35:38.202Z",
    "updated_at": "2025-09-19T04:35:38.202Z"
  }
},
{
  "model": "packages.package",
  "pk": 8,
  "fields": {
    "package_name": "3 + 1 Waist Cavitation",
    "description": "",
    "price": "1397.00",
    "sessions": 4,
    "duration_days": 120,
    "grace_period_days": 180,
    "archived": false,
    "created_at": "2025-09-19T04:35:38.213Z",
    "updated_at": "2025-09-19T04:35:38.213Z"
  }
},
{
  "model": "packages.package",
  "pk": 9,
  "fields": {
    "package_name": "3 + 1 Thighs Cavitation",
    "description": "",
    "price": "1397.00",
    "sessions": 4,
    "duration_days": 120,
    "grace_period_days": 180,
    "archived": false,
    "created_at": "2025-09-19T04:35:38.226Z",
    "updated_at": "2025-09-19T04:35:38.226Z"
  }
},
{
  "model": "packages.package",
  "pk": 11,
  "fields": {
    "package_name": "3 + 1 Charcoal",
    "description": "",
    "price": "2297.00",
    "sessions": 4,
    "duration_days": 120,
    "grace_period_days": 180,
    "archived": false,
    "created_at": "2025-09-19T04:35:38.240Z",
    "updated_at": "2025-09-19T04:35:38.240Z"
  }
},
{
  "model": "packages.package",
  "pk": 12,
  "fields": {
    "package_name": "3 + 1 Chest Infusion",
    "description": "",
    "price": "1847.00",
    "sessions": 4,
    "duration_days": 120,
    "grace_period_days": 180,
    "archived": false,
    "created_at": "2025-09-19T04:35:38.253Z",
    "updated_at": "2025-09-19T04:35:38.253Z"
  }
},
{
  "model": "packages.package",
  "pk": 13,
  "fields": {
    "package_name": "3 + 1 Chest/Back Facial",
    "description": "",
    "price": "1997.00",
    "sessions": 4,
    "duration_days": 120,
    "grace_period_days": 180,
    "archived": false,
    "created_at": "2025-09-19T04:35:38.265Z",
    "updated_at": "2025-09-19T04:35:38.265Z"
  }
},
{
  "model": "packages.package",
  "pk": 14,
  "fields": {
    "package_name": "3 + 1 Collagen",
    "description": "",
    "price": "2297.00",
    "sessions": 4,
    "duration_days": 120,
    "grace_period_days": 180,
    "archived": false,
    "created_at": "2025-09-19T04:35:38.276Z",
    "updated_at": "2025-09-19T04:35:38.276Z"
  }
},
{
  "model": "packages.package",
  "pk": 15,
  "fields": {
    "package_name": "3 + 1 Diamond Peel",
    "description": "",
    "price": "1697.00",
    "sessions": 4,
    "duration_days": 90,
    "grace_period_days": 180,
    "archived": false,
    "created_at": "2025-09-19T04:35:38.288Z",
    "updated_at": "2025-09-19T04:35:38.288Z"
  }
},
{
  "model": "packages.package",
  "pk": 16,
  "fields": {
    "package_name": "3 + 1 Galvanic Therapy",
    "description": "",
    "price": "2597.00",
    "sessions": 4,
    "duration_days": 120,
    "grace_period_days": 180,
    "archived": false,
    "created_at": "2025-09-19T04:35:38.301Z",
    "updated_at": "2025-09-19T04:35:38.301Z"
  }
},
{
  "model": "packages.package",
  "pk": 17,
  "fields": {
    "package_name": "3 + 1 Geneo Infusion",
    "description": "",
    "price": "3197.00",
    "sessions": 4,
    "duration_days": 120,
    "grace_period_days": 180,
    "archived": false,
    "created_at": "2025-09-19T04:35:38.315Z",
    "updated_at": "2025-09-19T04:35:38.315Z"
  }
},
{
  "model": "packages.package",
  "pk": 18,
  "fields": {
    "package_name": "3 + 1 IPL Arms",
    "description": "",
    "price": "3197.00",
    "sessions": 4,
    "duration_days": 120,
    "grace_period_days": 180,
    "archived": false,
    "created_at": "2025-09-19T04:35:38.328Z",
    "updated_at": "2025-09-19T04:35:38.328Z"
  }
},
{
  "model": "packages.package",
  "pk": 19,
  "fields": {
    "package_name": "3 + 1 IPL Back",
    "description": "",
    "price": "3197.00",
    "sessions": 4,
    "duration_days": 120,
    "grace_period_days": 180,
    "archived": false,
    "created_at": "2025-09-19T04:35:38.345Z",
    "updated_at": "2025-09-19T04:35:38.345Z"
  }
},
{
  "model": "packages.package",
  "pk": 20,
  "fields": {
    "package_name": "3 + 1 IPL Bikini",
    "description": "",
    "price": "2297.00",
    "sessions": 4,
    "duration_days": 120,
    "grace_period_days": 180,
    "archived": false,
    "created_at": "2025-09-19T04:35:38.357Z",
    "updated_at": "2025-09-19T04:35:38.357Z"
  }
},
{
  "model": "packages.package",
  "pk": 21,
  "fields": {
    "package_name": "3 + 1 IPL Brazilian",
    "description": "",
    "price": "3197.00",
    "sessions": 4,
    "duration_days": 120,
    "grace_period_days": 180,
    "archived": false,
    "created_at": "2025-09-19T04:35:38.368Z",
    "updated_at": "2025-09-19T04:35:38.368Z"
  }
},
{
  "model": "packages.package",
  "pk": 22,
  "fields": {
    "package_name": "3 + 1 IPL Chest",
    "description": "",
    "price": "3197.00",
    "sessions": 4,
    "duration_days": 120,
    "grace_period_days": 180,
    "archived": false,
    "created_at": "2025-09-19T04:35:38.381Z",
    "updated_at": "2025-09-19T04:35:38.381Z"
  }
},
{
  "model": "packages.package",
  "pk": 23,
  "fields": {
    "package_name": "3 + 1 IPL Face",
    "description": "",
    "price": "1697.00",
    "sessions": 4,
    "duration_days": 120,
    "grace_period_days": 180,
    "archived": false,
    "created_at": "2025-09-19T04:35:38.394Z",
    "updated_at": "2025-09-19T04:35:38.394Z"
  }
},
{
  "model": "packages.package",
  "pk": 24,
  "fields": {
    "package_name": "3 + 1 IPL Legs",
    "description": "",
    "price": "3197.00",
    "sessions": 4,
    "duration_days": 120,
    "grace_period_days": 180,
    "archived": false,
    "created_at": "2025-09-19T04:35:38.406Z",
    "updated_at": "2025-09-19T04:35:38.406Z"
  }
},
{
  "model": "packages.package",
  "pk": 25,
  "fields": {
    "package_name": "3 + 1 IPL Neck",
    "description": "",
    "price": "1697.00",
    "sessions": 4,
    "duration_days": 120,
    "grace_period_days": 180,
    "archived": false,
    "created_at": "2025-09-19T04:35:38.418Z",
    "updated_at": "2025-09-19T04:35:38.418Z"
  }
},
{
  "model": "packages.package",
  "pk": 26,
  "fields": {
    "package_name": "3 + 1 IPL Thighs",
    "description": "",
    "price": "3197.00",
    "sessions": 4,
    "duration_days": 120,
    "grace_period_days": 180,
    "archived": false,
    "created_at": "2025-09-19T04:35:38.434Z",
    "updated_at": "2025-09-19T04:35:38.434Z"
  }
},
{
  "model": "packages.package",
  "pk": 27,
  "fields": {
    "package_name": "3 + 1 IPL Thighs (Front)",
    "description": "",
    "price": "1697.00",
    "sessions": 4,
    "duration_days": 90,
    "grace_period_days": 180,
    "archived": false,
    "created_at": "2025-09-19T04:35:38.447Z",
    "updated_at": "2025-09-19T04:35:38.447Z"
  }
},
{
  "model": "packages.package",
  "pk": 28,
  "fields": {
    "package_name": "3 + 1 IPL Underarms",
    "description": "",
    "price": "1697.00",
    "sessions": 4,
    "duration_days": 120,
    "grace_period_days": 180,
    "archived": false,
    "created_at": "2025-09-19T04:35:38.460Z",
    "updated_at": "2025-09-19T04:35:38.460Z"
  }
},
{
  "model": "packages.package",
  "pk": 29,
  "fields": {
    "package_name": "3 + 1 IPL Upperlip",
    "description": "",
    "price": "1097.00",
    "sessions": 4,
    "duration_days": 120,
    "grace_period_days": 180,
    "archived": false,
    "created_at": "2025-09-19T04:35:38.474Z",
    "updated_at": "2025-09-19T04:35:38.474Z"
  }
},
{
  "model": "packages.package",
  "pk": 30,
  "fields": {
    "package_name": "3 + 1 Pico Glow (Melasma/Freckles)",
    "description": "",
    "price": "3197.00",
    "sessions": 4,
    "duration_days": 120,
    "grace_period_days": 180,
    "archived": false,
    "created_at": "2025-09-19T04:35:38.487Z",
    "updated_at": "2025-09-19T04:35:38.487Z"
  }
},
{
  "model": "packages.package",
  "pk": 31,
  "fields": {
    "package_name": "3 + 1 Neck Cleaning",
    "description": "",
    "price": "1397.00",
    "sessions": 4,
    "duration_days": 120,
    "grace_period_days": 180,
    "archived": false,
    "created_at": "2025-09-19T04:35:38.502Z",
    "updated_at": "2025-09-19T04:35:38.502Z"
  }
},
{
  "model": "packages.package",
  "pk": 32,
  "fields": {
    "package_name": "3 + 1 Neck Infusion",
    "description": "",
    "price": "1247.00",
    "sessions": 4,
    "duration_days": 120,
    "grace_period_days": 180,
    "archived": false,
    "created_at": "2025-09-19T04:35:38.516Z",
    "updated_at": "2025-09-19T04:35:38.516Z"
  }
},
{
  "model": "packages.package",
  "pk": 33,
  "fields": {
    "package_name": "3 + 1 Oxygeneo",
    "description": "",
    "price": "6197.00",
    "sessions": 4,
    "duration_days": 120,
    "grace_period_days": 180,
    "archived": false,
    "created_at": "2025-09-19T04:35:38.529Z",
    "updated_at": "2025-09-19T04:35:38.529Z"
  }
},
{
  "model": "packages.package",
  "pk": 34,
  "fields": {
    "package_name": "3 + 1 Pico Laser (Underarm)",
    "description": "",
    "price": "3197.00",
    "sessions": 4,
    "duration_days": 120,
    "grace_period_days": 240,
    "archived": false,
    "created_at": "2025-09-19T04:35:38.542Z",
    "updated_at": "2025-09-19T04:35:38.542Z"
  }
},
{
  "model": "packages.package",
  "pk": 35,
  "fields": {
    "package_name": "3 + 1 Primary Facial",
    "description": "",
    "price": "1697.00",
    "sessions": 4,
    "duration_days": 120,
    "grace_period_days": 180,
    "archived": false,
    "created_at": "2025-09-19T04:35:38.554Z",
    "updated_at": "2025-09-19T04:35:38.554Z"
  }
},
{
  "model": "packages.package",
  "pk": 36,
  "fields": {
    "package_name": "3 + 1 Back Whitening",
    "description": "N/A",
    "price": "1850.00",
    "sessions": 4,
    "duration_days": 0,
    "grace_period_days": 0,
    "archived": false,
    "created_at": "2025-09-20T03:00:39.194Z",
    "updated_at": "2025-11-16T02:43:37.903Z"
  }
},
{
  "model": "analytics.patientanalytics",
  "pk": 1,
  "fields": {
    "patient": 2,
    "total_appointments": 0,
    "completed_appointments": 0,
    "cancelled_appointments": 0,
    "total_spent": "0.00",
    "last_visit": null,
    "average_visit_frequency": 0,
    "preferred_services": [],
    "risk_score": 0.0,
    "created_at": "2025-10-19T07:40:24.108Z",
    "updated_at": "2025-10-19T07:40:24.108Z"
  }
},
{
  "model": "analytics.patientanalytics",
  "pk": 6,
  "fields": {
    "patient": 7,
    "total_appointments": 14,
    "completed_appointments": 9,
    "cancelled_appointments": 5,
    "total_spent": "5748.00",
    "last_visit": "2025-09-29T16:00:00Z",
    "average_visit_frequency": 1,
    "preferred_services": [
      "Pimple Injection",
      "Anti-Acne Treatment",
      "Anti-Acne Treatment",
      "Back Whitening",
      "Pimple Injection"
    ],
    "risk_score": 0.3333333333333333,
    "created_at": "2025-10-19T07:40:24.239Z",
    "updated_at": "2025-10-19T07:40:24.239Z"
  }
},
{
  "model": "analytics.serviceanalytics",
  "pk": 1,
  "fields": {
    "service": 25,
    "total_bookings": 2,
    "completed_bookings": 2,
    "cancelled_bookings": 0,
    "total_revenue": "3198.00",
    "average_rating": 0.0,
    "popularity_score": 0.975,
    "seasonal_trends": {
      "1": 0,
      "2": 0,
      "3": 0,
      "4": 0,
      "5": 0,
      "6": 0,
      "7": 0,
      "8": 0,
      "9": 2,
      "10": 0,
      "11": 0,
      "12": 0
    },
    "created_at": "2025-10-19T07:40:24.263Z",
    "updated_at": "2025-10-19T07:40:24.263Z"
  }
},
{
  "model": "analytics.serviceanalytics",
  "pk": 2,
  "fields": {
    "service": 29,
    "total_bookings": 1,
    "completed_bookings": 1,
    "cancelled_bookings": 0,
    "total_revenue": "999.00",
    "average_rating": 0.0,
    "popularity_score": 0.925,
    "seasonal_trends": {
      "1": 0,
      "2": 0,
      "3": 0,
      "4": 0,
      "5": 0,
      "6": 0,
      "7": 0,
      "8": 0,
      "9": 1,
      "10": 0,
      "11": 0,
      "12": 0
    },
    "created_at": "2025-10-19T07:40:24.287Z",
    "updated_at": "2025-10-19T07:40:24.287Z"
  }
},
{
  "model": "analytics.serviceanalytics",
  "pk": 3,
  "fields": {
    "service": 20,
    "total_bookings": 2,
    "completed_bookings": 1,
    "cancelled_bookings": 1,
    "total_revenue": "649.00",
    "average_rating": 0.0,
    "popularity_score": 0.95,
    "seasonal_trends": {
      "1": 0,
      "2": 0,
      "3": 0,
      "4": 0,
      "5": 0,
      "6": 0,
      "7": 0,
      "8": 0,
      "9": 1,
      "10": 0,
      "11": 0,
      "12": 0
    },
    "created_at": "2025-10-19T07:40:24.308Z",
    "updated_at": "2025-10-19T07:40:24.308Z"
  }
},
{
  "model": "analytics.serviceanalytics",
  "pk": 4,
  "fields": {
    "service": 22,
    "total_bookings": 0,
    "completed_bookings": 0,
    "cancelled_bookings": 0,
    "total_revenue": "0.00",
    "average_rating": 0.0,
    "popularity_score": 0.0,
    "seasonal_trends": {
      "1": 0,
      "2": 0,
      "3": 0,
      "4": 0,
      "5": 0,
      "6": 0,
      "7": 0,
      "8": 0,
      "9": 0,
      "10": 0,
      "11": 0,
      "12": 0
    },
    "created_at": "2025-10-19T07:40:24.329Z",
    "updated_at": "2025-10-19T07:40:24.329Z"
  }
},
{
  "model": "analytics.serviceanalytics",
  "pk": 5,
  "fields": {
    "service": 15,
    "total_bookings": 0,
    "completed_bookings": 0,
    "cancelled_bookings": 0,
    "total_revenue": "0.00",
    "average_rating": 0.0,
    "popularity_score": 0.0,
    "seasonal_trends": {
      "1": 0,
      "2": 0,
      "3": 0,
      "4": 0,
      "5": 0,
      "6": 0,
      "7": 0,
      "8": 0,
      "9": 0,
      "10": 0,
      "11": 0,
      "12": 0
    },
    "created_at": "2025-10-19T07:40:24.350Z",
    "updated_at": "2025-10-19T07:40:24.350Z"
  }
},
{
  "model": "analytics.serviceanalytics",
  "pk": 6,
  "fields": {
    "service": 7,
    "total_bookings": 0,
    "completed_bookings": 0,
    "cancelled_bookings": 0,
    "total_revenue": "0.00",
    "average_rating": 0.0,
    "popularity_score": 0.0,
    "seasonal_trends": {
      "1": 0,
      "2": 0,
      "3": 0,
      "4": 0,
      "5": 0,
      "6": 0,
      "7": 0,
      "8": 0,
      "9": 0,
      "10": 0,
      "11": 0,
      "12": 0
    },
    "created_at": "2025-10-19T07:40:24.372Z",
    "updated_at": "2025-10-19T07:40:24.372Z"
  }
},
{
  "model": "analytics.serviceanalytics",
  "pk": 7,
  "fields": {
    "service": 21,
    "total_bookings": 0,
    "completed_bookings": 0,
    "cancelled_bookings": 0,
    "total_revenue": "0.00",
    "average_rating": 0.0,
    "popularity_score": 0.0,
    "seasonal_trends": {
      "1": 0,
      "2": 0,
      "3": 0,
      "4": 0,
      "5": 0,
      "6": 0,
      "7": 0,
      "8": 0,
      "9": 0,
      "10": 0,
      "11": 0,
      "12": 0
    },
    "created_at": "2025-10-19T07:40:24.392Z",
    "updated_at": "2025-10-19T07:40:24.392Z"
  }
},
{
  "model": "analytics.serviceanalytics",
  "pk": 8,
  "fields": {
    "service": 5,
    "total_bookings": 0,
    "completed_bookings": 0,
    "cancelled_bookings": 0,
    "total_revenue": "0.00",
    "average_rating": 0.0,
    "popularity_score": 0.0,
    "seasonal_trends": {
      "1": 0,
      "2": 0,
      "3": 0,
      "4": 0,
      "5": 0,
      "6": 0,
      "7": 0,
      "8": 0,
      "9": 0,
      "10": 0,
      "11": 0,
      "12": 0
    },
    "created_at": "2025-10-19T07:40:24.413Z",
    "updated_at": "2025-10-19T07:40:24.413Z"
  }
},
{
  "model": "analytics.serviceanalytics",
  "pk": 10,
  "fields": {
    "service": 8,
    "total_bookings": 0,
    "completed_bookings": 0,
    "cancelled_bookings": 0,
    "total_revenue": "0.00",
    "average_rating": 0.0,
    "popularity_score": 0.0,
    "seasonal_trends": {
      "1": 0,
      "2": 0,
      "3": 0,
      "4": 0,
      "5": 0,
      "6": 0,
      "7": 0,
      "8": 0,
      "9": 0,
      "10": 0,
      "11": 0,
      "12": 0
    },
    "created_at": "2025-10-19T07:40:24.458Z",
    "updated_at": "2025-10-19T07:40:24.458Z"
  }
},
{
  "model": "analytics.serviceanalytics",
  "pk": 11,
  "fields": {
    "service": 26,
    "total_bookings": 0,
    "completed_bookings": 0,
    "cancelled_bookings": 0,
    "total_revenue": "0.00",
    "average_rating": 0.0,
    "popularity_score": 0.0,
    "seasonal_trends": {
      "1": 0,
      "2": 0,
      "3": 0,
      "4": 0,
      "5": 0,
      "6": 0,
      "7": 0,
      "8": 0,
      "9": 0,
      "10": 0,
      "11": 0,
      "12": 0
    },
    "created_at": "2025-10-19T07:40:24.481Z",
    "updated_at": "2025-10-19T07:40:24.481Z"
  }
},
{
  "model": "analytics.serviceanalytics",
  "pk": 12,
  "fields": {
    "service": 13,
    "total_bookings": 0,
    "completed_bookings": 0,
    "cancelled_bookings": 0,
    "total_revenue": "0.00",
    "average_rating": 0.0,
    "popularity_score": 0.0,
    "seasonal_trends": {
      "1": 0,
      "2": 0,
      "3": 0,
      "4": 0,
      "5": 0,
      "6": 0,
      "7": 0,
      "8": 0,
      "9": 0,
      "10": 0,
      "11": 0,
      "12": 0
    },
    "created_at": "2025-10-19T07:40:24.504Z",
    "updated_at": "2025-10-19T07:40:24.504Z"
  }
},
{
  "model": "analytics.serviceanalytics",
  "pk": 13,
  "fields": {
    "service": 10,
    "total_bookings": 0,
    "completed_bookings": 0,
    "cancelled_bookings": 0,
    "total_revenue": "0.00",
    "average_rating": 0.0,
    "popularity_score": 0.0,
    "seasonal_trends": {
      "1": 0,
      "2": 0,
      "3": 0,
      "4": 0,
      "5": 0,
      "6": 0,
      "7": 0,
      "8": 0,
      "9": 0,
      "10": 0,
      "11": 0,
      "12": 0
    },
    "created_at": "2025-10-19T07:40:24.526Z",
    "updated_at": "2025-10-19T07:40:24.526Z"
  }
},
{
  "model": "analytics.serviceanalytics",
  "pk": 14,
  "fields": {
    "service": 32,
    "total_bookings": 0,
    "completed_bookings": 0,
    "cancelled_bookings": 0,
    "total_revenue": "0.00",
    "average_rating": 0.0,
    "popularity_score": 0.0,
    "seasonal_trends": {
      "1": 0,
      "2": 0,
      "3": 0,
      "4": 0,
      "5": 0,
      "6": 0,
      "7": 0,
      "8": 0,
      "9": 0,
      "10": 0,
      "11": 0,
      "12": 0
    },
    "created_at": "2025-10-19T07:40:24.546Z",
    "updated_at": "2025-10-19T07:40:24.546Z"
  }
},
{
  "model": "analytics.serviceanalytics",
  "pk": 15,
  "fields": {
    "service": 39,
    "total_bookings": 0,
    "completed_bookings": 0,
    "cancelled_bookings": 0,
    "total_revenue": "0.00",
    "average_rating": 0.0,
    "popularity_score": 0.0,
    "seasonal_trends": {
      "1": 0,
      "2": 0,
      "3": 0,
      "4": 0,
      "5": 0,
      "6": 0,
      "7": 0,
      "8": 0,
      "9": 0,
      "10": 0,
      "11": 0,
      "12": 0
    },
    "created_at": "2025-10-19T07:40:24.567Z",
    "updated_at": "2025-10-19T07:40:24.567Z"
  }
},
{
  "model": "analytics.serviceanalytics",
  "pk": 16,
  "fields": {
    "service": 37,
    "total_bookings": 0,
    "completed_bookings": 0,
    "cancelled_bookings": 0,
    "total_revenue": "0.00",
    "average_rating": 0.0,
    "popularity_score": 0.0,
    "seasonal_trends": {
      "1": 0,
      "2": 0,
      "3": 0,
      "4": 0,
      "5": 0,
      "6": 0,
      "7": 0,
      "8": 0,
      "9": 0,
      "10": 0,
      "11": 0,
      "12": 0
    },
    "created_at": "2025-10-19T07:40:24.594Z",
    "updated_at": "2025-10-19T07:40:24.594Z"
  }
},
{
  "model": "analytics.serviceanalytics",
  "pk": 17,
  "fields": {
    "service": 33,
    "total_bookings": 0,
    "completed_bookings": 0,
    "cancelled_bookings": 0,
    "total_revenue": "0.00",
    "average_rating": 0.0,
    "popularity_score": 0.0,
    "seasonal_trends": {
      "1": 0,
      "2": 0,
      "3": 0,
      "4": 0,
      "5": 0,
      "6": 0,
      "7": 0,
      "8": 0,
      "9": 0,
      "10": 0,
      "11": 0,
      "12": 0
    },
    "created_at": "2025-10-19T07:40:24.615Z",
    "updated_at": "2025-10-19T07:40:24.615Z"
  }
},
{
  "model": "analytics.serviceanalytics",
  "pk": 18,
  "fields": {
    "service": 38,
    "total_bookings": 0,
    "completed_bookings": 0,
    "cancelled_bookings": 0,
    "total_revenue": "0.00",
    "average_rating": 0.0,
    "popularity_score": 0.0,
    "seasonal_trends": {
      "1": 0,
      "2": 0,
      "3": 0,
      "4": 0,
      "5": 0,
      "6": 0,
      "7": 0,
      "8": 0,
      "9": 0,
      "10": 0,
      "11": 0,
      "12": 0
    },
    "created_at": "2025-10-19T07:40:24.636Z",
    "updated_at": "2025-10-19T07:40:24.636Z"
  }
},
{
  "model": "analytics.serviceanalytics",
  "pk": 19,
  "fields": {
    "service": 30,
    "total_bookings": 0,
    "completed_bookings": 0,
    "cancelled_bookings": 0,
    "total_revenue": "0.00",
    "average_rating": 0.0,
    "popularity_score": 0.0,
    "seasonal_trends": {
      "1": 0,
      "2": 0,
      "3": 0,
      "4": 0,
      "5": 0,
      "6": 0,
      "7": 0,
      "8": 0,
      "9": 0,
      "10": 0,
      "11": 0,
      "12": 0
    },
    "created_at": "2025-10-19T07:40:24.659Z",
    "updated_at": "2025-10-19T07:40:24.659Z"
  }
},
{
  "model": "analytics.serviceanalytics",
  "pk": 20,
  "fields": {
    "service": 34,
    "total_bookings": 0,
    "completed_bookings": 0,
    "cancelled_bookings": 0,
    "total_revenue": "0.00",
    "average_rating": 0.0,
    "popularity_score": 0.0,
    "seasonal_trends": {
      "1": 0,
      "2": 0,
      "3": 0,
      "4": 0,
      "5": 0,
      "6": 0,
      "7": 0,
      "8": 0,
      "9": 0,
      "10": 0,
      "11": 0,
      "12": 0
    },
    "created_at": "2025-10-19T07:40:24.680Z",
    "updated_at": "2025-10-19T07:40:24.680Z"
  }
},
{
  "model": "analytics.serviceanalytics",
  "pk": 21,
  "fields": {
    "service": 31,
    "total_bookings": 0,
    "completed_bookings": 0,
    "cancelled_bookings": 0,
    "total_revenue": "0.00",
    "average_rating": 0.0,
    "popularity_score": 0.0,
    "seasonal_trends": {
      "1": 0,
      "2": 0,
      "3": 0,
      "4": 0,
      "5": 0,
      "6": 0,
      "7": 0,
      "8": 0,
      "9": 0,
      "10": 0,
      "11": 0,
      "12": 0
    },
    "created_at": "2025-10-19T07:40:24.701Z",
    "updated_at": "2025-10-19T07:40:24.701Z"
  }
},
{
  "model": "analytics.serviceanalytics",
  "pk": 22,
  "fields": {
    "service": 36,
    "total_bookings": 0,
    "completed_bookings": 0,
    "cancelled_bookings": 0,
    "total_revenue": "0.00",
    "average_rating": 0.0,
    "popularity_score": 0.0,
    "seasonal_trends": {
      "1": 0,
      "2": 0,
      "3": 0,
      "4": 0,
      "5": 0,
      "6": 0,
      "7": 0,
      "8": 0,
      "9": 0,
      "10": 0,
      "11": 0,
      "12": 0
    },
    "created_at": "2025-10-19T07:40:24.722Z",
    "updated_at": "2025-10-19T07:40:24.722Z"
  }
},
{
  "model": "analytics.serviceanalytics",
  "pk": 23,
  "fields": {
    "service": 35,
    "total_bookings": 0,
    "completed_bookings": 0,
    "cancelled_bookings": 0,
    "total_revenue": "0.00",
    "average_rating": 0.0,
    "popularity_score": 0.0,
    "seasonal_trends": {
      "1": 0,
      "2": 0,
      "3": 0,
      "4": 0,
      "5": 0,
      "6": 0,
      "7": 0,
      "8": 0,
      "9": 0,
      "10": 0,
      "11": 0,
      "12": 0
    },
    "created_at": "2025-10-19T07:40:24.745Z",
    "updated_at": "2025-10-19T07:40:24.745Z"
  }
},
{
  "model": "analytics.serviceanalytics",
  "pk": 24,
  "fields": {
    "service": 41,
    "total_bookings": 0,
    "completed_bookings": 0,
    "cancelled_bookings": 0,
    "total_revenue": "0.00",
    "average_rating": 0.0,
    "popularity_score": 0.0,
    "seasonal_trends": {
      "1": 0,
      "2": 0,
      "3": 0,
      "4": 0,
      "5": 0,
      "6": 0,
      "7": 0,
      "8": 0,
      "9": 0,
      "10": 0,
      "11": 0,
      "12": 0
    },
    "created_at": "2025-10-19T07:40:24.768Z",
    "updated_at": "2025-10-19T07:40:24.768Z"
  }
},
{
  "model": "analytics.serviceanalytics",
  "pk": 25,
  "fields": {
    "service": 42,
    "total_bookings": 0,
    "completed_bookings": 0,
    "cancelled_bookings": 0,
    "total_revenue": "0.00",
    "average_rating": 0.0,
    "popularity_score": 0.0,
    "seasonal_trends": {
      "1": 0,
      "2": 0,
      "3": 0,
      "4": 0,
      "5": 0,
      "6": 0,
      "7": 0,
      "8": 0,
      "9": 0,
      "10": 0,
      "11": 0,
      "12": 0
    },
    "created_at": "2025-10-19T07:40:24.790Z",
    "updated_at": "2025-10-19T07:40:24.790Z"
  }
},
{
  "model": "analytics.serviceanalytics",
  "pk": 26,
  "fields": {
    "service": 23,
    "total_bookings": 0,
    "completed_bookings": 0,
    "cancelled_bookings": 0,
    "total_revenue": "0.00",
    "average_rating": 0.0,
    "popularity_score": 0.0,
    "seasonal_trends": {
      "1": 0,
      "2": 0,
      "3": 0,
      "4": 0,
      "5": 0,
      "6": 0,
      "7": 0,
      "8": 0,
      "9": 0,
      "10": 0,
      "11": 0,
      "12": 0
    },
    "created_at": "2025-10-19T07:40:24.812Z",
    "updated_at": "2025-10-19T07:40:24.812Z"
  }
},
{
  "model": "analytics.serviceanalytics",
  "pk": 27,
  "fields": {
    "service": 11,
    "total_bookings": 0,
    "completed_bookings": 0,
    "cancelled_bookings": 0,
    "total_revenue": "0.00",
    "average_rating": 0.0,
    "popularity_score": 0.0,
    "seasonal_trends": {
      "1": 0,
      "2": 0,
      "3": 0,
      "4": 0,
      "5": 0,
      "6": 0,
      "7": 0,
      "8": 0,
      "9": 0,
      "10": 0,
      "11": 0,
      "12": 0
    },
    "created_at": "2025-10-19T07:40:24.834Z",
    "updated_at": "2025-10-19T07:40:24.834Z"
  }
},
{
  "model": "analytics.serviceanalytics",
  "pk": 28,
  "fields": {
    "service": 16,
    "total_bookings": 0,
    "completed_bookings": 0,
    "cancelled_bookings": 0,
    "total_revenue": "0.00",
    "average_rating": 0.0,
    "popularity_score": 0.0,
    "seasonal_trends": {
      "1": 0,
      "2": 0,
      "3": 0,
      "4": 0,
      "5": 0,
      "6": 0,
      "7": 0,
      "8": 0,
      "9": 0,
      "10": 0,
      "11": 0,
      "12": 0
    },
    "created_at": "2025-10-19T07:40:24.855Z",
    "updated_at": "2025-10-19T07:40:24.855Z"
  }
},
{
  "model": "analytics.serviceanalytics",
  "pk": 29,
  "fields": {
    "service": 24,
    "total_bookings": 3,
    "completed_bookings": 3,
    "cancelled_bookings": 0,
    "total_revenue": "297.00",
    "average_rating": 0.0,
    "popularity_score": 1.0,
    "seasonal_trends": {
      "1": 0,
      "2": 0,
      "3": 0,
      "4": 0,
      "5": 0,
      "6": 0,
      "7": 0,
      "8": 0,
      "9": 3,
      "10": 0,
      "11": 0,
      "12": 0
    },
    "created_at": "2025-10-19T07:40:24.878Z",
    "updated_at": "2025-10-19T07:40:24.878Z"
  }
},
{
  "model": "analytics.serviceanalytics",
  "pk": 30,
  "fields": {
    "service": 14,
    "total_bookings": 0,
    "completed_bookings": 0,
    "cancelled_bookings": 0,
    "total_revenue": "0.00",
    "average_rating": 0.0,
    "popularity_score": 0.0,
    "seasonal_trends": {
      "1": 0,
      "2": 0,
      "3": 0,
      "4": 0,
      "5": 0,
      "6": 0,
      "7": 0,
      "8": 0,
      "9": 0,
      "10": 0,
      "11": 0,
      "12": 0
    },
    "created_at": "2025-10-19T07:40:24.898Z",
    "updated_at": "2025-10-19T07:40:24.898Z"
  }
},
{
  "model": "analytics.serviceanalytics",
  "pk": 31,
  "fields": {
    "service": 1,
    "total_bookings": 0,
    "completed_bookings": 0,
    "cancelled_bookings": 0,
    "total_revenue": "0.00",
    "average_rating": 0.0,
    "popularity_score": 0.0,
    "seasonal_trends": {
      "1": 0,
      "2": 0,
      "3": 0,
      "4": 0,
      "5": 0,
      "6": 0,
      "7": 0,
      "8": 0,
      "9": 0,
      "10": 0,
      "11": 0,
      "12": 0
    },
    "created_at": "2025-10-19T07:40:24.921Z",
    "updated_at": "2025-10-19T07:40:24.921Z"
  }
},
{
  "model": "analytics.serviceanalytics",
  "pk": 32,
  "fields": {
    "service": 9,
    "total_bookings": 0,
    "completed_bookings": 0,
    "cancelled_bookings": 0,
    "total_revenue": "0.00",
    "average_rating": 0.0,
    "popularity_score": 0.0,
    "seasonal_trends": {
      "1": 0,
      "2": 0,
      "3": 0,
      "4": 0,
      "5": 0,
      "6": 0,
      "7": 0,
      "8": 0,
      "9": 0,
      "10": 0,
      "11": 0,
      "12": 0
    },
    "created_at": "2025-10-19T07:40:24.942Z",
    "updated_at": "2025-10-19T07:40:24.942Z"
  }
},
{
  "model": "analytics.serviceanalytics",
  "pk": 33,
  "fields": {
    "service": 12,
    "total_bookings": 0,
    "completed_bookings": 0,
    "cancelled_bookings": 0,
    "total_revenue": "0.00",
    "average_rating": 0.0,
    "popularity_score": 0.0,
    "seasonal_trends": {
      "1": 0,
      "2": 0,
      "3": 0,
      "4": 0,
      "5": 0,
      "6": 0,
      "7": 0,
      "8": 0,
      "9": 0,
      "10": 0,
      "11": 0,
      "12": 0
    },
    "created_at": "2025-10-19T07:40:24.962Z",
    "updated_at": "2025-10-19T07:40:24.962Z"
  }
},
{
  "model": "analytics.serviceanalytics",
  "pk": 34,
  "fields": {
    "service": 6,
    "total_bookings": 0,
    "completed_bookings": 0,
    "cancelled_bookings": 0,
    "total_revenue": "0.00",
    "average_rating": 0.0,
    "popularity_score": 0.0,
    "seasonal_trends": {
      "1": 0,
      "2": 0,
      "3": 0,
      "4": 0,
      "5": 0,
      "6": 0,
      "7": 0,
      "8": 0,
      "9": 0,
      "10": 0,
      "11": 0,
      "12": 0
    },
    "created_at": "2025-10-19T07:40:24.983Z",
    "updated_at": "2025-10-19T07:40:24.983Z"
  }
},
{
  "model": "analytics.serviceanalytics",
  "pk": 35,
  "fields": {
    "service": 17,
    "total_bookings": 0,
    "completed_bookings": 0,
    "cancelled_bookings": 0,
    "total_revenue": "0.00",
    "average_rating": 0.0,
    "popularity_score": 0.0,
    "seasonal_trends": {
      "1": 0,
      "2": 0,
      "3": 0,
      "4": 0,
      "5": 0,
      "6": 0,
      "7": 0,
      "8": 0,
      "9": 0,
      "10": 0,
      "11": 0,
      "12": 0
    },
    "created_at": "2025-10-19T07:40:25.005Z",
    "updated_at": "2025-10-19T07:40:25.005Z"
  }
},
{
  "model": "analytics.serviceanalytics",
  "pk": 36,
  "fields": {
    "service": 28,
    "total_bookings": 0,
    "completed_bookings": 0,
    "cancelled_bookings": 0,
    "total_revenue": "0.00",
    "average_rating": 0.0,
    "popularity_score": 0.0,
    "seasonal_trends": {
      "1": 0,
      "2": 0,
      "3": 0,
      "4": 0,
      "5": 0,
      "6": 0,
      "7": 0,
      "8": 0,
      "9": 0,
      "10": 0,
      "11": 0,
      "12": 0
    },
    "created_at": "2025-10-19T07:40:25.027Z",
    "updated_at": "2025-10-19T07:40:25.027Z"
  }
},
{
  "model": "analytics.serviceanalytics",
  "pk": 37,
  "fields": {
    "service": 4,
    "total_bookings": 0,
    "completed_bookings": 0,
    "cancelled_bookings": 0,
    "total_revenue": "0.00",
    "average_rating": 0.0,
    "popularity_score": 0.0,
    "seasonal_trends": {
      "1": 0,
      "2": 0,
      "3": 0,
      "4": 0,
      "5": 0,
      "6": 0,
      "7": 0,
      "8": 0,
      "9": 0,
      "10": 0,
      "11": 0,
      "12": 0
    },
    "created_at": "2025-10-19T07:40:25.048Z",
    "updated_at": "2025-10-19T07:40:25.048Z"
  }
},
{
  "model": "analytics.serviceanalytics",
  "pk": 38,
  "fields": {
    "service": 18,
    "total_bookings": 0,
    "completed_bookings": 0,
    "cancelled_bookings": 0,
    "total_revenue": "0.00",
    "average_rating": 0.0,
    "popularity_score": 0.0,
    "seasonal_trends": {
      "1": 0,
      "2": 0,
      "3": 0,
      "4": 0,
      "5": 0,
      "6": 0,
      "7": 0,
      "8": 0,
      "9": 0,
      "10": 0,
      "11": 0,
      "12": 0
    },
    "created_at": "2025-10-19T07:40:25.070Z",
    "updated_at": "2025-10-19T07:40:25.070Z"
  }
},
{
  "model": "analytics.serviceanalytics",
  "pk": 39,
  "fields": {
    "service": 27,
    "total_bookings": 0,
    "completed_bookings": 0,
    "cancelled_bookings": 0,
    "total_revenue": "0.00",
    "average_rating": 0.0,
    "popularity_score": 0.0,
    "seasonal_trends": {
      "1": 0,
      "2": 0,
      "3": 0,
      "4": 0,
      "5": 0,
      "6": 0,
      "7": 0,
      "8": 0,
      "9": 0,
      "10": 0,
      "11": 0,
      "12": 0
    },
    "created_at": "2025-10-19T07:40:25.093Z",
    "updated_at": "2025-10-19T07:40:25.093Z"
  }
},
{
  "model": "analytics.serviceanalytics",
  "pk": 40,
  "fields": {
    "service": 40,
    "total_bookings": 0,
    "completed_bookings": 0,
    "cancelled_bookings": 0,
    "total_revenue": "0.00",
    "average_rating": 0.0,
    "popularity_score": 0.0,
    "seasonal_trends": {
      "1": 0,
      "2": 0,
      "3": 0,
      "4": 0,
      "5": 0,
      "6": 0,
      "7": 0,
      "8": 0,
      "9": 0,
      "10": 0,
      "11": 0,
      "12": 0
    },
    "created_at": "2025-10-19T07:40:25.119Z",
    "updated_at": "2025-10-19T07:40:25.119Z"
  }
},
{
  "model": "analytics.businessanalytics",
  "pk": 1,
  "fields": {
    "date": "2025-10-19",
    "total_appointments": 0,
    "completed_appointments": 0,
    "cancelled_appointments": 0,
    "new_patients": 0,
    "returning_patients": 0,
    "total_revenue": "0.00",
    "average_appointment_value": "0.00",
    "patient_satisfaction_score": 0.0,
    "created_at": "2025-10-19T07:40:25.147Z"
  }
},
{
  "model": "analytics.businessanalytics",
  "pk": 2,
  "fields": {
    "date": "2025-10-18",
    "total_appointments": 0,
    "completed_appointments": 0,
    "cancelled_appointments": 0,
    "new_patients": 0,
    "returning_patients": 0,
    "total_revenue": "0.00",
    "average_appointment_value": "0.00",
    "patient_satisfaction_score": 0.0,
    "created_at": "2025-10-19T07:40:25.166Z"
  }
},
{
  "model": "analytics.businessanalytics",
  "pk": 3,
  "fields": {
    "date": "2025-10-17",
    "total_appointments": 0,
    "completed_appointments": 0,
    "cancelled_appointments": 0,
    "new_patients": 0,
    "returning_patients": 0,
    "total_revenue": "0.00",
    "average_appointment_value": "0.00",
    "patient_satisfaction_score": 0.0,
    "created_at": "2025-10-19T07:40:25.183Z"
  }
},
{
  "model": "analytics.businessanalytics",
  "pk": 4,
  "fields": {
    "date": "2025-10-16",
    "total_appointments": 0,
    "completed_appointments": 0,
    "cancelled_appointments": 0,
    "new_patients": 0,
    "returning_patients": 0,
    "total_revenue": "0.00",
    "average_appointment_value": "0.00",
    "patient_satisfaction_score": 0.0,
    "created_at": "2025-10-19T07:40:25.201Z"
  }
},
{
  "model": "analytics.businessanalytics",
  "pk": 5,
  "fields": {
    "date": "2025-10-15",
    "total_appointments": 0,
    "completed_appointments": 0,
    "cancelled_appointments": 0,
    "new_patients": 0,
    "returning_patients": 0,
    "total_revenue": "0.00",
    "average_appointment_value": "0.00",
    "patient_satisfaction_score": 0.0,
    "created_at": "2025-10-19T07:40:25.220Z"
  }
},
{
  "model": "analytics.businessanalytics",
  "pk": 6,
  "fields": {
    "date": "2025-10-14",
    "total_appointments": 0,
    "completed_appointments": 0,
    "cancelled_appointments": 0,
    "new_patients": 0,
    "returning_patients": 0,
    "total_revenue": "0.00",
    "average_appointment_value": "0.00",
    "patient_satisfaction_score": 0.0,
    "created_at": "2025-10-19T07:40:25.238Z"
  }
},
{
  "model": "analytics.businessanalytics",
  "pk": 7,
  "fields": {
    "date": "2025-10-13",
    "total_appointments": 0,
    "completed_appointments": 0,
    "cancelled_appointments": 0,
    "new_patients": 0,
    "returning_patients": 0,
    "total_revenue": "0.00",
    "average_appointment_value": "0.00",
    "patient_satisfaction_score": 0.0,
    "created_at": "2025-10-19T07:40:25.257Z"
  }
},
{
  "model": "analytics.businessanalytics",
  "pk": 8,
  "fields": {
    "date": "2025-10-12",
    "total_appointments": 0,
    "completed_appointments": 0,
    "cancelled_appointments": 0,
    "new_patients": 0,
    "returning_patients": 0,
    "total_revenue": "0.00",
    "average_appointment_value": "0.00",
    "patient_satisfaction_score": 0.0,
    "created_at": "2025-10-19T07:40:25.279Z"
  }
},
{
  "model": "analytics.businessanalytics",
  "pk": 9,
  "fields": {
    "date": "2025-10-11",
    "total_appointments": 0,
    "completed_appointments": 0,
    "cancelled_appointments": 0,
    "new_patients": 0,
    "returning_patients": 0,
    "total_revenue": "0.00",
    "average_appointment_value": "0.00",
    "patient_satisfaction_score": 0.0,
    "created_at": "2025-10-19T07:40:25.297Z"
  }
},
{
  "model": "analytics.businessanalytics",
  "pk": 10,
  "fields": {
    "date": "2025-10-10",
    "total_appointments": 0,
    "completed_appointments": 0,
    "cancelled_appointments": 0,
    "new_patients": 0,
    "returning_patients": 0,
    "total_revenue": "0.00",
    "average_appointment_value": "0.00",
    "patient_satisfaction_score": 0.0,
    "created_at": "2025-10-19T07:40:25.316Z"
  }
},
{
  "model": "analytics.businessanalytics",
  "pk": 11,
  "fields": {
    "date": "2025-10-09",
    "total_appointments": 0,
    "completed_appointments": 0,
    "cancelled_appointments": 0,
    "new_patients": 0,
    "returning_patients": 0,
    "total_revenue": "0.00",
    "average_appointment_value": "0.00",
    "patient_satisfaction_score": 0.0,
    "created_at": "2025-10-19T07:40:25.335Z"
  }
},
{
  "model": "analytics.businessanalytics",
  "pk": 12,
  "fields": {
    "date": "2025-10-08",
    "total_appointments": 0,
    "completed_appointments": 0,
    "cancelled_appointments": 0,
    "new_patients": 0,
    "returning_patients": 0,
    "total_revenue": "0.00",
    "average_appointment_value": "0.00",
    "patient_satisfaction_score": 0.0,
    "created_at": "2025-10-19T07:40:25.355Z"
  }
},
{
  "model": "analytics.businessanalytics",
  "pk": 13,
  "fields": {
    "date": "2025-10-07",
    "total_appointments": 0,
    "completed_appointments": 0,
    "cancelled_appointments": 0,
    "new_patients": 0,
    "returning_patients": 0,
    "total_revenue": "0.00",
    "average_appointment_value": "0.00",
    "patient_satisfaction_score": 0.0,
    "created_at": "2025-10-19T07:40:25.373Z"
  }
},
{
  "model": "analytics.businessanalytics",
  "pk": 14,
  "fields": {
    "date": "2025-10-06",
    "total_appointments": 0,
    "completed_appointments": 0,
    "cancelled_appointments": 0,
    "new_patients": 0,
    "returning_patients": 0,
    "total_revenue": "0.00",
    "average_appointment_value": "0.00",
    "patient_satisfaction_score": 0.0,
    "created_at": "2025-10-19T07:40:25.401Z"
  }
},
{
  "model": "analytics.businessanalytics",
  "pk": 15,
  "fields": {
    "date": "2025-10-05",
    "total_appointments": 0,
    "completed_appointments": 0,
    "cancelled_appointments": 0,
    "new_patients": 0,
    "returning_patients": 0,
    "total_revenue": "0.00",
    "average_appointment_value": "0.00",
    "patient_satisfaction_score": 0.0,
    "created_at": "2025-10-19T07:40:25.421Z"
  }
},
{
  "model": "analytics.businessanalytics",
  "pk": 16,
  "fields": {
    "date": "2025-10-04",
    "total_appointments": 0,
    "completed_appointments": 0,
    "cancelled_appointments": 0,
    "new_patients": 0,
    "returning_patients": 0,
    "total_revenue": "0.00",
    "average_appointment_value": "0.00",
    "patient_satisfaction_score": 0.0,
    "created_at": "2025-10-19T07:40:25.438Z"
  }
},
{
  "model": "analytics.businessanalytics",
  "pk": 17,
  "fields": {
    "date": "2025-10-03",
    "total_appointments": 0,
    "completed_appointments": 0,
    "cancelled_appointments": 0,
    "new_patients": 0,
    "returning_patients": 0,
    "total_revenue": "0.00",
    "average_appointment_value": "0.00",
    "patient_satisfaction_score": 0.0,
    "created_at": "2025-10-19T07:40:25.457Z"
  }
},
{
  "model": "analytics.businessanalytics",
  "pk": 18,
  "fields": {
    "date": "2025-10-02",
    "total_appointments": 0,
    "completed_appointments": 0,
    "cancelled_appointments": 0,
    "new_patients": 0,
    "returning_patients": 0,
    "total_revenue": "0.00",
    "average_appointment_value": "0.00",
    "patient_satisfaction_score": 0.0,
    "created_at": "2025-10-19T07:40:25.476Z"
  }
},
{
  "model": "analytics.businessanalytics",
  "pk": 19,
  "fields": {
    "date": "2025-10-01",
    "total_appointments": 0,
    "completed_appointments": 0,
    "cancelled_appointments": 0,
    "new_patients": 0,
    "returning_patients": 0,
    "total_revenue": "0.00",
    "average_appointment_value": "0.00",
    "patient_satisfaction_score": 0.0,
    "created_at": "2025-10-19T07:40:25.498Z"
  }
},
{
  "model": "analytics.businessanalytics",
  "pk": 20,
  "fields": {
    "date": "2025-09-30",
    "total_appointments": 2,
    "completed_appointments": 2,
    "cancelled_appointments": 0,
    "new_patients": 0,
    "returning_patients": 1,
    "total_revenue": "1098.00",
    "average_appointment_value": "549.00",
    "patient_satisfaction_score": 0.0,
    "created_at": "2025-10-19T07:40:25.517Z"
  }
},
{
  "model": "analytics.businessanalytics",
  "pk": 21,
  "fields": {
    "date": "2025-09-29",
    "total_appointments": 1,
    "completed_appointments": 1,
    "cancelled_appointments": 0,
    "new_patients": 0,
    "returning_patients": 1,
    "total_revenue": "1599.00",
    "average_appointment_value": "1599.00",
    "patient_satisfaction_score": 0.0,
    "created_at": "2025-10-19T07:40:25.535Z"
  }
},
{
  "model": "analytics.businessanalytics",
  "pk": 22,
  "fields": {
    "date": "2025-09-28",
    "total_appointments": 0,
    "completed_appointments": 0,
    "cancelled_appointments": 0,
    "new_patients": 0,
    "returning_patients": 0,
    "total_revenue": "0.00",
    "average_appointment_value": "0.00",
    "patient_satisfaction_score": 0.0,
    "created_at": "2025-10-19T07:40:25.553Z"
  }
},
{
  "model": "analytics.businessanalytics",
  "pk": 23,
  "fields": {
    "date": "2025-09-27",
    "total_appointments": 1,
    "completed_appointments": 0,
    "cancelled_appointments": 1,
    "new_patients": 0,
    "returning_patients": 1,
    "total_revenue": "0.00",
    "average_appointment_value": "0.00",
    "patient_satisfaction_score": 0.0,
    "created_at": "2025-10-19T07:40:25.572Z"
  }
},
{
  "model": "analytics.businessanalytics",
  "pk": 24,
  "fields": {
    "date": "2025-09-26",
    "total_appointments": 1,
    "completed_appointments": 1,
    "cancelled_appointments": 0,
    "new_patients": 0,
    "returning_patients": 1,
    "total_revenue": "649.00",
    "average_appointment_value": "649.00",
    "patient_satisfaction_score": 0.0,
    "created_at": "2025-10-19T07:40:25.594Z"
  }
},
{
  "model": "analytics.businessanalytics",
  "pk": 25,
  "fields": {
    "date": "2025-09-25",
    "total_appointments": 1,
    "completed_appointments": 1,
    "cancelled_appointments": 0,
    "new_patients": 0,
    "returning_patients": 1,
    "total_revenue": "99.00",
    "average_appointment_value": "99.00",
    "patient_satisfaction_score": 0.0,
    "created_at": "2025-10-19T07:40:25.613Z"
  }
},
{
  "model": "analytics.businessanalytics",
  "pk": 26,
  "fields": {
    "date": "2025-09-24",
    "total_appointments": 1,
    "completed_appointments": 0,
    "cancelled_appointments": 1,
    "new_patients": 0,
    "returning_patients": 1,
    "total_revenue": "0.00",
    "average_appointment_value": "0.00",
    "patient_satisfaction_score": 0.0,
    "created_at": "2025-10-19T07:40:25.631Z"
  }
},
{
  "model": "analytics.businessanalytics",
  "pk": 27,
  "fields": {
    "date": "2025-09-23",
    "total_appointments": 3,
    "completed_appointments": 2,
    "cancelled_appointments": 1,
    "new_patients": 0,
    "returning_patients": 1,
    "total_revenue": "1824.00",
    "average_appointment_value": "912.00",
    "patient_satisfaction_score": 0.0,
    "created_at": "2025-10-19T07:40:25.651Z"
  }
},
{
  "model": "analytics.businessanalytics",
  "pk": 28,
  "fields": {
    "date": "2025-09-22",
    "total_appointments": 4,
    "completed_appointments": 2,
    "cancelled_appointments": 2,
    "new_patients": 0,
    "returning_patients": 1,
    "total_revenue": "479.00",
    "average_appointment_value": "239.50",
    "patient_satisfaction_score": 0.0,
    "created_at": "2025-10-19T07:40:25.673Z"
  }
},
{
  "model": "analytics.businessanalytics",
  "pk": 29,
  "fields": {
    "date": "2025-09-21",
    "total_appointments": 0,
    "completed_appointments": 0,
    "cancelled_appointments": 0,
    "new_patients": 0,
    "returning_patients": 0,
    "total_revenue": "0.00",
    "average_appointment_value": "0.00",
    "patient_satisfaction_score": 0.0,
    "created_at": "2025-10-19T07:40:25.690Z"
  }
},
{
  "model": "analytics.businessanalytics",
  "pk": 30,
  "fields": {
    "date": "2025-09-20",
    "total_appointments": 0,
    "completed_appointments": 0,
    "cancelled_appointments": 0,
    "new_patients": 0,
    "returning_patients": 0,
    "total_revenue": "0.00",
    "average_appointment_value": "0.00",
    "patient_satisfaction_score": 0.0,
    "created_at": "2025-10-19T07:40:25.710Z"
  }
},
{
  "model": "analytics.businessanalytics",
  "pk": 31,
  "fields": {
    "date": "2025-09-19",
    "total_appointments": 0,
    "completed_appointments": 0,
    "cancelled_appointments": 0,
    "new_patients": 6,
    "returning_patients": 0,
    "total_revenue": "0.00",
    "average_appointment_value": "0.00",
    "patient_satisfaction_score": 0.0,
    "created_at": "2025-10-19T07:40:25.730Z"
  }
},
{
  "model": "analytics.businessanalytics",
  "pk": 32,
  "fields": {
    "date": "2025-09-18",
    "total_appointments": 0,
    "completed_appointments": 0,
    "cancelled_appointments": 0,
    "new_patients": 0,
    "returning_patients": 0,
    "total_revenue": "0.00",
    "average_appointment_value": "0.00",
    "patient_satisfaction_score": 0.0,
    "created_at": "2025-10-19T07:40:25.749Z"
  }
},
{
  "model": "analytics.businessanalytics",
  "pk": 33,
  "fields": {
    "date": "2025-09-17",
    "total_appointments": 0,
    "completed_appointments": 0,
    "cancelled_appointments": 0,
    "new_patients": 0,
    "returning_patients": 0,
    "total_revenue": "0.00",
    "average_appointment_value": "0.00",
    "patient_satisfaction_score": 0.0,
    "created_at": "2025-10-19T07:40:25.767Z"
  }
},
{
  "model": "analytics.businessanalytics",
  "pk": 34,
  "fields": {
    "date": "2025-09-16",
    "total_appointments": 0,
    "completed_appointments": 0,
    "cancelled_appointments": 0,
    "new_patients": 0,
    "returning_patients": 0,
    "total_revenue": "0.00",
    "average_appointment_value": "0.00",
    "patient_satisfaction_score": 0.0,
    "created_at": "2025-10-19T07:40:25.789Z"
  }
},
{
  "model": "analytics.businessanalytics",
  "pk": 35,
  "fields": {
    "date": "2025-09-15",
    "total_appointments": 0,
    "completed_appointments": 0,
    "cancelled_appointments": 0,
    "new_patients": 0,
    "returning_patients": 0,
    "total_revenue": "0.00",
    "average_appointment_value": "0.00",
    "patient_satisfaction_score": 0.0,
    "created_at": "2025-10-19T07:40:25.812Z"
  }
},
{
  "model": "analytics.businessanalytics",
  "pk": 36,
  "fields": {
    "date": "2025-09-14",
    "total_appointments": 0,
    "completed_appointments": 0,
    "cancelled_appointments": 0,
    "new_patients": 0,
    "returning_patients": 0,
    "total_revenue": "0.00",
    "average_appointment_value": "0.00",
    "patient_satisfaction_score": 0.0,
    "created_at": "2025-10-19T07:40:25.842Z"
  }
},
{
  "model": "analytics.businessanalytics",
  "pk": 37,
  "fields": {
    "date": "2025-09-13",
    "total_appointments": 0,
    "completed_appointments": 0,
    "cancelled_appointments": 0,
    "new_patients": 0,
    "returning_patients": 0,
    "total_revenue": "0.00",
    "average_appointment_value": "0.00",
    "patient_satisfaction_score": 0.0,
    "created_at": "2025-10-19T07:40:25.861Z"
  }
},
{
  "model": "analytics.businessanalytics",
  "pk": 38,
  "fields": {
    "date": "2025-09-12",
    "total_appointments": 0,
    "completed_appointments": 0,
    "cancelled_appointments": 0,
    "new_patients": 0,
    "returning_patients": 0,
    "total_revenue": "0.00",
    "average_appointment_value": "0.00",
    "patient_satisfaction_score": 0.0,
    "created_at": "2025-10-19T07:40:25.879Z"
  }
},
{
  "model": "analytics.businessanalytics",
  "pk": 39,
  "fields": {
    "date": "2025-09-11",
    "total_appointments": 0,
    "completed_appointments": 0,
    "cancelled_appointments": 0,
    "new_patients": 0,
    "returning_patients": 0,
    "total_revenue": "0.00",
    "average_appointment_value": "0.00",
    "patient_satisfaction_score": 0.0,
    "created_at": "2025-10-19T07:40:25.895Z"
  }
},
{
  "model": "analytics.businessanalytics",
  "pk": 40,
  "fields": {
    "date": "2025-09-10",
    "total_appointments": 0,
    "completed_appointments": 0,
    "cancelled_appointments": 0,
    "new_patients": 0,
    "returning_patients": 0,
    "total_revenue": "0.00",
    "average_appointment_value": "0.00",
    "patient_satisfaction_score": 0.0,
    "created_at": "2025-10-19T07:40:25.913Z"
  }
},
{
  "model": "analytics.businessanalytics",
  "pk": 41,
  "fields": {
    "date": "2025-09-09",
    "total_appointments": 0,
    "completed_appointments": 0,
    "cancelled_appointments": 0,
    "new_patients": 0,
    "returning_patients": 0,
    "total_revenue": "0.00",
    "average_appointment_value": "0.00",
    "patient_satisfaction_score": 0.0,
    "created_at": "2025-10-19T07:40:25.933Z"
  }
},
{
  "model": "analytics.businessanalytics",
  "pk": 42,
  "fields": {
    "date": "2025-09-08",
    "total_appointments": 0,
    "completed_appointments": 0,
    "cancelled_appointments": 0,
    "new_patients": 0,
    "returning_patients": 0,
    "total_revenue": "0.00",
    "average_appointment_value": "0.00",
    "patient_satisfaction_score": 0.0,
    "created_at": "2025-10-19T07:40:25.951Z"
  }
},
{
  "model": "analytics.businessanalytics",
  "pk": 43,
  "fields": {
    "date": "2025-09-07",
    "total_appointments": 0,
    "completed_appointments": 0,
    "cancelled_appointments": 0,
    "new_patients": 0,
    "returning_patients": 0,
    "total_revenue": "0.00",
    "average_appointment_value": "0.00",
    "patient_satisfaction_score": 0.0,
    "created_at": "2025-10-19T07:40:25.971Z"
  }
},
{
  "model": "analytics.businessanalytics",
  "pk": 44,
  "fields": {
    "date": "2025-09-06",
    "total_appointments": 0,
    "completed_appointments": 0,
    "cancelled_appointments": 0,
    "new_patients": 0,
    "returning_patients": 0,
    "total_revenue": "0.00",
    "average_appointment_value": "0.00",
    "patient_satisfaction_score": 0.0,
    "created_at": "2025-10-19T07:40:25.990Z"
  }
},
{
  "model": "analytics.businessanalytics",
  "pk": 45,
  "fields": {
    "date": "2025-09-05",
    "total_appointments": 0,
    "completed_appointments": 0,
    "cancelled_appointments": 0,
    "new_patients": 0,
    "returning_patients": 0,
    "total_revenue": "0.00",
    "average_appointment_value": "0.00",
    "patient_satisfaction_score": 0.0,
    "created_at": "2025-10-19T07:40:26.009Z"
  }
},
{
  "model": "analytics.businessanalytics",
  "pk": 46,
  "fields": {
    "date": "2025-09-04",
    "total_appointments": 0,
    "completed_appointments": 0,
    "cancelled_appointments": 0,
    "new_patients": 0,
    "returning_patients": 0,
    "total_revenue": "0.00",
    "average_appointment_value": "0.00",
    "patient_satisfaction_score": 0.0,
    "created_at": "2025-10-19T07:40:26.030Z"
  }
},
{
  "model": "analytics.businessanalytics",
  "pk": 47,
  "fields": {
    "date": "2025-09-03",
    "total_appointments": 0,
    "completed_appointments": 0,
    "cancelled_appointments": 0,
    "new_patients": 0,
    "returning_patients": 0,
    "total_revenue": "0.00",
    "average_appointment_value": "0.00",
    "patient_satisfaction_score": 0.0,
    "created_at": "2025-10-19T07:40:26.047Z"
  }
},
{
  "model": "analytics.businessanalytics",
  "pk": 48,
  "fields": {
    "date": "2025-09-02",
    "total_appointments": 0,
    "completed_appointments": 0,
    "cancelled_appointments": 0,
    "new_patients": 0,
    "returning_patients": 0,
    "total_revenue": "0.00",
    "average_appointment_value": "0.00",
    "patient_satisfaction_score": 0.0,
    "created_at": "2025-10-19T07:40:26.068Z"
  }
},
{
  "model": "analytics.businessanalytics",
  "pk": 49,
  "fields": {
    "date": "2025-09-01",
    "total_appointments": 0,
    "completed_appointments": 0,
    "cancelled_appointments": 0,
    "new_patients": 0,
    "returning_patients": 0,
    "total_revenue": "0.00",
    "average_appointment_value": "0.00",
    "patient_satisfaction_score": 0.0,
    "created_at": "2025-10-19T07:40:26.087Z"
  }
},
{
  "model": "analytics.businessanalytics",
  "pk": 50,
  "fields": {
    "date": "2025-08-31",
    "total_appointments": 0,
    "completed_appointments": 0,
    "cancelled_appointments": 0,
    "new_patients": 0,
    "returning_patients": 0,
    "total_revenue": "0.00",
    "average_appointment_value": "0.00",
    "patient_satisfaction_score": 0.0,
    "created_at": "2025-10-19T07:40:26.106Z"
  }
},
{
  "model": "analytics.businessanalytics",
  "pk": 51,
  "fields": {
    "date": "2025-08-30",
    "total_appointments": 0,
    "completed_appointments": 0,
    "cancelled_appointments": 0,
    "new_patients": 0,
    "returning_patients": 0,
    "total_revenue": "0.00",
    "average_appointment_value": "0.00",
    "patient_satisfaction_score": 0.0,
    "created_at": "2025-10-19T07:40:26.125Z"
  }
},
{
  "model": "analytics.businessanalytics",
  "pk": 52,
  "fields": {
    "date": "2025-08-29",
    "total_appointments": 0,
    "completed_appointments": 0,
    "cancelled_appointments": 0,
    "new_patients": 0,
    "returning_patients": 0,
    "total_revenue": "0.00",
    "average_appointment_value": "0.00",
    "patient_satisfaction_score": 0.0,
    "created_at": "2025-10-19T07:40:26.149Z"
  }
},
{
  "model": "analytics.businessanalytics",
  "pk": 53,
  "fields": {
    "date": "2025-08-28",
    "total_appointments": 0,
    "completed_appointments": 0,
    "cancelled_appointments": 0,
    "new_patients": 0,
    "returning_patients": 0,
    "total_revenue": "0.00",
    "average_appointment_value": "0.00",
    "patient_satisfaction_score": 0.0,
    "created_at": "2025-10-19T07:40:26.168Z"
  }
},
{
  "model": "analytics.businessanalytics",
  "pk": 54,
  "fields": {
    "date": "2025-08-27",
    "total_appointments": 0,
    "completed_appointments": 0,
    "cancelled_appointments": 0,
    "new_patients": 0,
    "returning_patients": 0,
    "total_revenue": "0.00",
    "average_appointment_value": "0.00",
    "patient_satisfaction_score": 0.0,
    "created_at": "2025-10-19T07:40:26.198Z"
  }
},
{
  "model": "analytics.businessanalytics",
  "pk": 55,
  "fields": {
    "date": "2025-08-26",
    "total_appointments": 0,
    "completed_appointments": 0,
    "cancelled_appointments": 0,
    "new_patients": 0,
    "returning_patients": 0,
    "total_revenue": "0.00",
    "average_appointment_value": "0.00",
    "patient_satisfaction_score": 0.0,
    "created_at": "2025-10-19T07:40:26.217Z"
  }
},
{
  "model": "analytics.businessanalytics",
  "pk": 56,
  "fields": {
    "date": "2025-08-25",
    "total_appointments": 0,
    "completed_appointments": 0,
    "cancelled_appointments": 0,
    "new_patients": 0,
    "returning_patients": 0,
    "total_revenue": "0.00",
    "average_appointment_value": "0.00",
    "patient_satisfaction_score": 0.0,
    "created_at": "2025-10-19T07:40:26.232Z"
  }
},
{
  "model": "analytics.businessanalytics",
  "pk": 57,
  "fields": {
    "date": "2025-08-24",
    "total_appointments": 0,
    "completed_appointments": 0,
    "cancelled_appointments": 0,
    "new_patients": 0,
    "returning_patients": 0,
    "total_revenue": "0.00",
    "average_appointment_value": "0.00",
    "patient_satisfaction_score": 0.0,
    "created_at": "2025-10-19T07:40:26.253Z"
  }
},
{
  "model": "analytics.businessanalytics",
  "pk": 58,
  "fields": {
    "date": "2025-08-23",
    "total_appointments": 0,
    "completed_appointments": 0,
    "cancelled_appointments": 0,
    "new_patients": 0,
    "returning_patients": 0,
    "total_revenue": "0.00",
    "average_appointment_value": "0.00",
    "patient_satisfaction_score": 0.0,
    "created_at": "2025-10-19T07:40:26.270Z"
  }
},
{
  "model": "analytics.businessanalytics",
  "pk": 59,
  "fields": {
    "date": "2025-08-22",
    "total_appointments": 0,
    "completed_appointments": 0,
    "cancelled_appointments": 0,
    "new_patients": 0,
    "returning_patients": 0,
    "total_revenue": "0.00",
    "average_appointment_value": "0.00",
    "patient_satisfaction_score": 0.0,
    "created_at": "2025-10-19T07:40:26.291Z"
  }
},
{
  "model": "analytics.businessanalytics",
  "pk": 60,
  "fields": {
    "date": "2025-08-21",
    "total_appointments": 0,
    "completed_appointments": 0,
    "cancelled_appointments": 0,
    "new_patients": 0,
    "returning_patients": 0,
    "total_revenue": "0.00",
    "average_appointment_value": "0.00",
    "patient_satisfaction_score": 0.0,
    "created_at": "2025-10-19T07:40:26.310Z"
  }
},
{
  "model": "analytics.businessanalytics",
  "pk": 61,
  "fields": {
    "date": "2025-08-20",
    "total_appointments": 0,
    "completed_appointments": 0,
    "cancelled_appointments": 0,
    "new_patients": 0,
    "returning_patients": 0,
    "total_revenue": "0.00",
    "average_appointment_value": "0.00",
    "patient_satisfaction_score": 0.0,
    "created_at": "2025-10-19T07:40:26.327Z"
  }
},
{
  "model": "analytics.businessanalytics",
  "pk": 62,
  "fields": {
    "date": "2025-08-19",
    "total_appointments": 0,
    "completed_appointments": 0,
    "cancelled_appointments": 0,
    "new_patients": 0,
    "returning_patients": 0,
    "total_revenue": "0.00",
    "average_appointment_value": "0.00",
    "patient_satisfaction_score": 0.0,
    "created_at": "2025-10-19T07:40:26.345Z"
  }
},
{
  "model": "analytics.businessanalytics",
  "pk": 63,
  "fields": {
    "date": "2025-08-18",
    "total_appointments": 0,
    "completed_appointments": 0,
    "cancelled_appointments": 0,
    "new_patients": 0,
    "returning_patients": 0,
    "total_revenue": "0.00",
    "average_appointment_value": "0.00",
    "patient_satisfaction_score": 0.0,
    "created_at": "2025-10-19T07:40:26.368Z"
  }
},
{
  "model": "analytics.businessanalytics",
  "pk": 64,
  "fields": {
    "date": "2025-08-17",
    "total_appointments": 0,
    "completed_appointments": 0,
    "cancelled_appointments": 0,
    "new_patients": 0,
    "returning_patients": 0,
    "total_revenue": "0.00",
    "average_appointment_value": "0.00",
    "patient_satisfaction_score": 0.0,
    "created_at": "2025-10-19T07:40:26.388Z"
  }
},
{
  "model": "analytics.businessanalytics",
  "pk": 65,
  "fields": {
    "date": "2025-08-16",
    "total_appointments": 0,
    "completed_appointments": 0,
    "cancelled_appointments": 0,
    "new_patients": 0,
    "returning_patients": 0,
    "total_revenue": "0.00",
    "average_appointment_value": "0.00",
    "patient_satisfaction_score": 0.0,
    "created_at": "2025-10-19T07:40:26.407Z"
  }
},
{
  "model": "analytics.businessanalytics",
  "pk": 66,
  "fields": {
    "date": "2025-08-15",
    "total_appointments": 0,
    "completed_appointments": 0,
    "cancelled_appointments": 0,
    "new_patients": 0,
    "returning_patients": 0,
    "total_revenue": "0.00",
    "average_appointment_value": "0.00",
    "patient_satisfaction_score": 0.0,
    "created_at": "2025-10-19T07:40:26.426Z"
  }
},
{
  "model": "analytics.businessanalytics",
  "pk": 67,
  "fields": {
    "date": "2025-08-14",
    "total_appointments": 0,
    "completed_appointments": 0,
    "cancelled_appointments": 0,
    "new_patients": 0,
    "returning_patients": 0,
    "total_revenue": "0.00",
    "average_appointment_value": "0.00",
    "patient_satisfaction_score": 0.0,
    "created_at": "2025-10-19T07:40:26.447Z"
  }
},
{
  "model": "analytics.businessanalytics",
  "pk": 68,
  "fields": {
    "date": "2025-08-13",
    "total_appointments": 0,
    "completed_appointments": 0,
    "cancelled_appointments": 0,
    "new_patients": 0,
    "returning_patients": 0,
    "total_revenue": "0.00",
    "average_appointment_value": "0.00",
    "patient_satisfaction_score": 0.0,
    "created_at": "2025-10-19T07:40:26.462Z"
  }
},
{
  "model": "analytics.businessanalytics",
  "pk": 69,
  "fields": {
    "date": "2025-08-12",
    "total_appointments": 0,
    "completed_appointments": 0,
    "cancelled_appointments": 0,
    "new_patients": 0,
    "returning_patients": 0,
    "total_revenue": "0.00",
    "average_appointment_value": "0.00",
    "patient_satisfaction_score": 0.0,
    "created_at": "2025-10-19T07:40:26.482Z"
  }
},
{
  "model": "analytics.businessanalytics",
  "pk": 70,
  "fields": {
    "date": "2025-08-11",
    "total_appointments": 0,
    "completed_appointments": 0,
    "cancelled_appointments": 0,
    "new_patients": 0,
    "returning_patients": 0,
    "total_revenue": "0.00",
    "average_appointment_value": "0.00",
    "patient_satisfaction_score": 0.0,
    "created_at": "2025-10-19T07:40:26.502Z"
  }
},
{
  "model": "analytics.businessanalytics",
  "pk": 71,
  "fields": {
    "date": "2025-08-10",
    "total_appointments": 0,
    "completed_appointments": 0,
    "cancelled_appointments": 0,
    "new_patients": 0,
    "returning_patients": 0,
    "total_revenue": "0.00",
    "average_appointment_value": "0.00",
    "patient_satisfaction_score": 0.0,
    "created_at": "2025-10-19T07:40:26.519Z"
  }
},
{
  "model": "analytics.businessanalytics",
  "pk": 72,
  "fields": {
    "date": "2025-08-09",
    "total_appointments": 0,
    "completed_appointments": 0,
    "cancelled_appointments": 0,
    "new_patients": 0,
    "returning_patients": 0,
    "total_revenue": "0.00",
    "average_appointment_value": "0.00",
    "patient_satisfaction_score": 0.0,
    "created_at": "2025-10-19T07:40:26.539Z"
  }
},
{
  "model": "analytics.businessanalytics",
  "pk": 73,
  "fields": {
    "date": "2025-08-08",
    "total_appointments": 0,
    "completed_appointments": 0,
    "cancelled_appointments": 0,
    "new_patients": 0,
    "returning_patients": 0,
    "total_revenue": "0.00",
    "average_appointment_value": "0.00",
    "patient_satisfaction_score": 0.0,
    "created_at": "2025-10-19T07:40:26.560Z"
  }
},
{
  "model": "analytics.businessanalytics",
  "pk": 74,
  "fields": {
    "date": "2025-08-07",
    "total_appointments": 0,
    "completed_appointments": 0,
    "cancelled_appointments": 0,
    "new_patients": 0,
    "returning_patients": 0,
    "total_revenue": "0.00",
    "average_appointment_value": "0.00",
    "patient_satisfaction_score": 0.0,
    "created_at": "2025-10-19T07:40:26.588Z"
  }
},
{
  "model": "analytics.businessanalytics",
  "pk": 75,
  "fields": {
    "date": "2025-08-06",
    "total_appointments": 0,
    "completed_appointments": 0,
    "cancelled_appointments": 0,
    "new_patients": 0,
    "returning_patients": 0,
    "total_revenue": "0.00",
    "average_appointment_value": "0.00",
    "patient_satisfaction_score": 0.0,
    "created_at": "2025-10-19T07:40:26.604Z"
  }
},
{
  "model": "analytics.businessanalytics",
  "pk": 76,
  "fields": {
    "date": "2025-08-05",
    "total_appointments": 0,
    "completed_appointments": 0,
    "cancelled_appointments": 0,
    "new_patients": 0,
    "returning_patients": 0,
    "total_revenue": "0.00",
    "average_appointment_value": "0.00",
    "patient_satisfaction_score": 0.0,
    "created_at": "2025-10-19T07:40:26.621Z"
  }
},
{
  "model": "analytics.businessanalytics",
  "pk": 77,
  "fields": {
    "date": "2025-08-04",
    "total_appointments": 0,
    "completed_appointments": 0,
    "cancelled_appointments": 0,
    "new_patients": 0,
    "returning_patients": 0,
    "total_revenue": "0.00",
    "average_appointment_value": "0.00",
    "patient_satisfaction_score": 0.0,
    "created_at": "2025-10-19T07:40:26.639Z"
  }
},
{
  "model": "analytics.businessanalytics",
  "pk": 78,
  "fields": {
    "date": "2025-08-03",
    "total_appointments": 0,
    "completed_appointments": 0,
    "cancelled_appointments": 0,
    "new_patients": 0,
    "returning_patients": 0,
    "total_revenue": "0.00",
    "average_appointment_value": "0.00",
    "patient_satisfaction_score": 0.0,
    "created_at": "2025-10-19T07:40:26.656Z"
  }
},
{
  "model": "analytics.businessanalytics",
  "pk": 79,
  "fields": {
    "date": "2025-08-02",
    "total_appointments": 0,
    "completed_appointments": 0,
    "cancelled_appointments": 0,
    "new_patients": 0,
    "returning_patients": 0,
    "total_revenue": "0.00",
    "average_appointment_value": "0.00",
    "patient_satisfaction_score": 0.0,
    "created_at": "2025-10-19T07:40:26.675Z"
  }
},
{
  "model": "analytics.businessanalytics",
  "pk": 80,
  "fields": {
    "date": "2025-08-01",
    "total_appointments": 0,
    "completed_appointments": 0,
    "cancelled_appointments": 0,
    "new_patients": 0,
    "returning_patients": 0,
    "total_revenue": "0.00",
    "average_appointment_value": "0.00",
    "patient_satisfaction_score": 0.0,
    "created_at": "2025-10-19T07:40:26.690Z"
  }
},
{
  "model": "analytics.businessanalytics",
  "pk": 81,
  "fields": {
    "date": "2025-07-31",
    "total_appointments": 0,
    "completed_appointments": 0,
    "cancelled_appointments": 0,
    "new_patients": 0,
    "returning_patients": 0,
    "total_revenue": "0.00",
    "average_appointment_value": "0.00",
    "patient_satisfaction_score": 0.0,
    "created_at": "2025-10-19T07:40:26.710Z"
  }
},
{
  "model": "analytics.businessanalytics",
  "pk": 82,
  "fields": {
    "date": "2025-07-30",
    "total_appointments": 0,
    "completed_appointments": 0,
    "cancelled_appointments": 0,
    "new_patients": 0,
    "returning_patients": 0,
    "total_revenue": "0.00",
    "average_appointment_value": "0.00",
    "patient_satisfaction_score": 0.0,
    "created_at": "2025-10-19T07:40:26.728Z"
  }
},
{
  "model": "analytics.businessanalytics",
  "pk": 83,
  "fields": {
    "date": "2025-07-29",
    "total_appointments": 0,
    "completed_appointments": 0,
    "cancelled_appointments": 0,
    "new_patients": 0,
    "returning_patients": 0,
    "total_revenue": "0.00",
    "average_appointment_value": "0.00",
    "patient_satisfaction_score": 0.0,
    "created_at": "2025-10-19T07:40:26.745Z"
  }
},
{
  "model": "analytics.businessanalytics",
  "pk": 84,
  "fields": {
    "date": "2025-07-28",
    "total_appointments": 0,
    "completed_appointments": 0,
    "cancelled_appointments": 0,
    "new_patients": 0,
    "returning_patients": 0,
    "total_revenue": "0.00",
    "average_appointment_value": "0.00",
    "patient_satisfaction_score": 0.0,
    "created_at": "2025-10-19T07:40:26.765Z"
  }
},
{
  "model": "analytics.businessanalytics",
  "pk": 85,
  "fields": {
    "date": "2025-07-27",
    "total_appointments": 0,
    "completed_appointments": 0,
    "cancelled_appointments": 0,
    "new_patients": 0,
    "returning_patients": 0,
    "total_revenue": "0.00",
    "average_appointment_value": "0.00",
    "patient_satisfaction_score": 0.0,
    "created_at": "2025-10-19T07:40:26.780Z"
  }
},
{
  "model": "analytics.businessanalytics",
  "pk": 86,
  "fields": {
    "date": "2025-07-26",
    "total_appointments": 0,
    "completed_appointments": 0,
    "cancelled_appointments": 0,
    "new_patients": 0,
    "returning_patients": 0,
    "total_revenue": "0.00",
    "average_appointment_value": "0.00",
    "patient_satisfaction_score": 0.0,
    "created_at": "2025-10-19T07:40:26.796Z"
  }
},
{
  "model": "analytics.businessanalytics",
  "pk": 87,
  "fields": {
    "date": "2025-07-25",
    "total_appointments": 0,
    "completed_appointments": 0,
    "cancelled_appointments": 0,
    "new_patients": 0,
    "returning_patients": 0,
    "total_revenue": "0.00",
    "average_appointment_value": "0.00",
    "patient_satisfaction_score": 0.0,
    "created_at": "2025-10-19T07:40:26.813Z"
  }
},
{
  "model": "analytics.businessanalytics",
  "pk": 88,
  "fields": {
    "date": "2025-07-24",
    "total_appointments": 0,
    "completed_appointments": 0,
    "cancelled_appointments": 0,
    "new_patients": 0,
    "returning_patients": 0,
    "total_revenue": "0.00",
    "average_appointment_value": "0.00",
    "patient_satisfaction_score": 0.0,
    "created_at": "2025-10-19T07:40:26.836Z"
  }
},
{
  "model": "analytics.businessanalytics",
  "pk": 89,
  "fields": {
    "date": "2025-07-23",
    "total_appointments": 0,
    "completed_appointments": 0,
    "cancelled_appointments": 0,
    "new_patients": 0,
    "returning_patients": 0,
    "total_revenue": "0.00",
    "average_appointment_value": "0.00",
    "patient_satisfaction_score": 0.0,
    "created_at": "2025-10-19T07:40:26.852Z"
  }
},
{
  "model": "analytics.businessanalytics",
  "pk": 90,
  "fields": {
    "date": "2025-07-22",
    "total_appointments": 0,
    "completed_appointments": 0,
    "cancelled_appointments": 0,
    "new_patients": 0,
    "returning_patients": 0,
    "total_revenue": "0.00",
    "average_appointment_value": "0.00",
    "patient_satisfaction_score": 0.0,
    "created_at": "2025-10-19T07:40:26.869Z"
  }
},
{
  "model": "analytics.treatmentcorrelation",
  "pk": 1,
  "fields": {
    "primary_service": 25,
    "secondary_service": 29,
    "correlation_strength": 1.0,
    "frequency": 1,
    "confidence_score": 0.1,
    "created_at": "2025-10-19T07:40:26.886Z"
  }
},
{
  "model": "analytics.treatmentcorrelation",
  "pk": 2,
  "fields": {
    "primary_service": 25,
    "secondary_service": 20,
    "correlation_strength": 1.0,
    "frequency": 1,
    "confidence_score": 0.1,
    "created_at": "2025-10-19T07:40:26.903Z"
  }
},
{
  "model": "analytics.treatmentcorrelation",
  "pk": 3,
  "fields": {
    "primary_service": 25,
    "secondary_service": 24,
    "correlation_strength": 1.0,
    "frequency": 1,
    "confidence_score": 0.1,
    "created_at": "2025-10-19T07:40:26.948Z"
  }
},
{
  "model": "analytics.treatmentcorrelation",
  "pk": 4,
  "fields": {
    "primary_service": 29,
    "secondary_service": 20,
    "correlation_strength": 1.0,
    "frequency": 1,
    "confidence_score": 0.1,
    "created_at": "2025-10-19T07:40:26.993Z"
  }
},
{
  "model": "analytics.treatmentcorrelation",
  "pk": 5,
  "fields": {
    "primary_service": 29,
    "secondary_service": 24,
    "correlation_strength": 1.0,
    "frequency": 1,
    "confidence_score": 0.1,
    "created_at": "2025-10-19T07:40:27.031Z"
  }
},
{
  "model": "analytics.treatmentcorrelation",
  "pk": 6,
  "fields": {
    "primary_service": 20,
    "secondary_service": 24,
    "correlation_strength": 1.0,
    "frequency": 1,
    "confidence_score": 0.1,
    "created_at": "2025-10-19T07:40:27.081Z"
  }
},
{
  "model": "analytics.patientsegment",
  "pk": 1,
  "fields": {
    "patient": 2,
    "segment": "new",
    "segment_score": 1.0,
    "last_updated": "2025-10-19T07:40:27.720Z"
  }
},
{
  "model": "analytics.patientsegment",
  "pk": 6,
  "fields": {
    "patient": 7,
    "segment": "occasional",
    "segment_score": 0.9,
    "last_updated": "2025-10-19T07:40:27.786Z"
  }
},
{
  "model": "sites.site",
  "pk": 1,
  "fields": {
    "domain": "example.com",
    "name": "example.com"
  }
},
{
  "model": "account.emailaddress",
  "pk": 1,
  "fields": {
    "user": 28,
    "email": "kenai.reyes@chmsc.edu.ph",
    "verified": true,
    "primary": true
  }
},
{
  "model": "socialaccount.socialaccount",
  "pk": 1,
  "fields": {
    "user": 11,
    "provider": "google",
    "uid": "101039063677319370038",
    "last_login": "2025-11-19T16:54:06.125Z",
    "date_joined": "2025-11-16T02:25:31.286Z",
    "extra_data": {
      "iss": "https://accounts.google.com",
      "azp": "348599831665-i0g4c6ka0t91vh4sj1chkafokobtpf97.apps.googleusercontent.com",
      "aud": "348599831665-i0g4c6ka0t91vh4sj1chkafokobtpf97.apps.googleusercontent.com",
      "sub": "101039063677319370038",
      "email": "ksreyes.chmsu@gmail.com",
      "email_verified": true,
      "at_hash": "_iOftoD7-eoO2H_7YjQsuA",
      "name": "Kenai Reyes",
      "picture": "https://lh3.googleusercontent.com/a/ACg8ocIAZ8_Ok1P55TXeXqPJWf2X0VW_CmhPP6TeofcZ76cFbl-K94I=s96-c",
      "given_name": "Kenai",
      "family_name": "Reyes",
      "iat": 1763571237,
      "exp": 1763574837
    }
  }
},
{
  "model": "socialaccount.socialaccount",
  "pk": 2,
  "fields": {
    "user": 28,
    "provider": "google",
    "uid": "109923253188567574348",
    "last_login": "2025-11-16T02:29:39.235Z",
    "date_joined": "2025-11-16T02:29:39.235Z",
    "extra_data": {
      "iss": "https://accounts.google.com",
      "azp": "348599831665-i0g4c6ka0t91vh4sj1chkafokobtpf97.apps.googleusercontent.com",
      "aud": "348599831665-i0g4c6ka0t91vh4sj1chkafokobtpf97.apps.googleusercontent.com",
      "sub": "109923253188567574348",
      "hd": "chmsc.edu.ph",
      "email": "kenai.reyes@chmsc.edu.ph",
      "email_verified": true,
      "at_hash": "YIKO2bMcqEwLCJP6t0Ey2w",
      "name": "kenai reyes",
      "picture": "https://lh3.googleusercontent.com/a/ACg8ocLsnyaUcm5Q5fjJDbTR2eAn059pAv9gTxxLjCWoXkFW4VF2iw=s96-c",
      "given_name": "kenai",
      "family_name": "reyes",
      "iat": 1763260175,
      "exp": 1763263775
    }
  }
}
]
